701, 329, 38, 34, 0.21447754
  556, 106, 39, 33, 0.2095907
  321, 85, 34, 38, 0.20783827
  509, 493, 34, 38, 0.20628527
  185, 141, 38, 34, 0.20077176
  307, 546, 33, 39, 0.19382425
  176, 142, 44, 33, 0.18513177
  436, 133, 39, 33, 0.18434927
  696, 331, 49, 33, 0.18018267
  319, 86, 45, 35, 0.17983945
  661, 157, 49, 33, 0.17730682
  449, 21, 38, 38, 0.17653127
  262, 431, 33, 44, 0.17552032
  499, 222, 45, 35, 0.17088196
  187, 136, 33, 48, 0.17035267
  173, 61, 38, 42, 0.16910003
  701, 331, 39, 45, 0.16407655
  448, 21, 33, 44, 0.1595135
  634, 253, 48, 37, 0.15795213
  319, 175, 37, 45, 0.15768734
  249, 523, 34, 45, 0.1574377
  506, 486, 38, 43, 0.15385608
  306, 544, 37, 47, 0.15287425
  225, 253, 38, 42, 0.14991289
  389, 253, 42, 38, 0.14964654
  171, 73, 44, 27, 0.14923087
  556, 106, 47, 41, 0.148985
  187, 130, 33, 45, 0.14885375
  178, 139, 44, 44, 0.14765899
  512, 493, 33, 51, 0.14626224
  510, 477, 33, 53, 0.14547382
  557, 106, 37, 54, 0.14447905
  701, 330, 53, 33, 0.14440826
  440, 118, 35, 48, 0.14417727
  320, 85, 33, 51, 0.14312828
  187, 142, 45, 33, 0.1414268
  366, 381, 38, 43, 0.14125639
  319, 174, 45, 42, 0.14111452
  551, 106, 55, 34, 0.14008875
  664, 142, 43, 48, 0.13909107
  438, 124, 37, 48, 0.13905887
  310, 86, 45, 35, 0.13674606
  173, 142, 58, 34, 0.13651308
  556, 96, 38, 48, 0.13608572
  450, 10, 35, 51, 0.13596979
  172, 62, 48, 39, 0.13497399
  320, 70, 33, 51, 0.13343994
  511, 494, 45, 37, 0.13296275
  220, 254, 48, 39, 0.13141365
  430, 131, 48, 37, 0.13130926
  285, 233, 42, 42, 0.13019346
  161, 142, 62, 34, 0.12959166
  259, 430, 44, 44, 0.12907551
  438, 133, 37, 51, 0.12861353
  298, 545, 48, 36, 0.12749544
  311, 86, 62, 36, 0.12746133
  288, 226, 37, 48, 0.12565491
  139, 436, 44, 47, 0.12492315
  656, 152, 55, 42, 0.12419426
  448, 22, 47, 41, 0.12417524
  262, 416, 33, 59, 0.12406425
  499, 223, 57, 39, 0.12398887
  715, 326, 27, 39, 0.12395085
  685, 330, 57, 33, 0.1229524
  491, 493, 55, 36, 0.12257937
  701, 332, 69, 31, 0.12244613
  296, 546, 43, 38, 0.12224875
  223, 251, 38, 55, 0.12219271
  449, 22, 37, 54, 0.12194206
  172, 56, 40, 55, 0.12180672
  259, 430, 37, 54, 0.1212724
  701, 310, 39, 54, 0.12122863
  499, 223, 44, 44, 0.12081266
  663, 146, 44, 55, 0.12068945
  172, 46, 41, 54, 0.12048984
  173, 73, 38, 34, 0.12045976
  439, 132, 45, 35, 0.12015025
  663, 157, 44, 57, 0.12002447
  185, 142, 35, 54, 0.11924341
  536, 106, 58, 34, 0.11905475
  250, 432, 45, 43, 0.11903735
  510, 493, 33, 69, 0.11797635
  304, 536, 36, 57, 0.11749281
  667, 160, 45, 35, 0.11683094
  188, 142, 61, 34, 0.11654833
  319, 175, 56, 44, 0.11641297
  636, 246, 48, 48, 0.11592222
  700, 331, 40, 65, 0.11502519
  715, 331, 27, 44, 0.11399207
  141, 142, 81, 35, 0.11094843
  318, 82, 67, 40, 0.11045261
  626, 250, 61, 40, 0.11039291
  321, 86, 80, 35, 0.10982967
  694, 316, 47, 47, 0.10913691
  310, 175, 53, 44, 0.10891978
  274, 233, 51, 40, 0.10861687
  248, 516, 37, 65, 0.10815696
  496, 220, 65, 37, 0.10747885
  439, 126, 33, 39, 0.10746045
  319, 85, 44, 50, 0.10718476
  173, 57, 47, 119, 0.10718307
  386, 255, 55, 38, 0.10693486
  166, 58, 47, 44, 0.10677937
  430, 23, 57, 36, 0.10563429
  439, 101, 36, 65, 0.10552188
  512, 471, 33, 70, 0.10542187
  175, 130, 47, 47, 0.10470777
  556, 106, 38, 82, 0.10460964
  556, 97, 37, 77, 0.10429639
  382, 250, 53, 41, 0.10225531
  187, 116, 34, 62, 0.10224205
  296, 86, 58, 36, 0.10205366
  664, 128, 46, 67, 0.10148717
  476, 494, 70, 37, 0.10108045
  639, 157, 69, 134, 0.10103056
  386, 262, 44, 30, 0.10082509
  556, 106, 65, 33, 0.1001894
  318, 86, 37, 137, 0.10004752
  511, 493, 65, 36, 0.09994927
  281, 545, 58, 36, 0.099633589
  172, 61, 40, 72, 0.099407353
  226, 233, 101, 61, 0.099295124
  501, 223, 80, 36, 0.099148609
  313, 86, 40, 61, 0.099044666
  550, 91, 44, 47, 0.098520279
  320, 56, 36, 65, 0.097927384
  439, 131, 35, 70, 0.097749405
  437, 23, 49, 144, 0.097637661
  511, 486, 43, 43, 0.097594865
  248, 523, 93, 58, 0.097343668
  701, 331, 42, 79, 0.096784666
  635, 229, 48, 62, 0.096193179
  391, 253, 65, 40, 0.09594851
  636, 156, 75, 35, 0.095823474
  319, 175, 80, 43, 0.095818572
  700, 293, 40, 72, 0.095707953
  448, 22, 37, 77, 0.095615901
  162, 136, 71, 46, 0.095471978
  635, 250, 61, 40, 0.095459417
  308, 545, 58, 36, 0.095319286
  390, 251, 38, 55, 0.095079467
  508, 456, 37, 75, 0.09504278
  656, 156, 65, 36, 0.094880745
  256, 406, 41, 69, 0.094834156
  226, 252, 40, 69, 0.094778784
  238, 523, 47, 44, 0.094707772
  416, 133, 58, 34, 0.094545782
  158, 61, 63, 119, 0.094372518
  715, 329, 25, 57, 0.09434142
  527, 106, 67, 40, 0.094111428
  221, 253, 44, 33, 0.09409681
  448, 10, 47, 50, 0.093687862
  439, 133, 62, 34, 0.093328133
  249, 521, 37, 75, 0.093259118
  262, 432, 54, 43, 0.093245909
  390, 233, 38, 58, 0.093201861
  187, 131, 34, 69, 0.093073159
  516, 106, 80, 33, 0.092791542
  488, 476, 56, 53, 0.092696793
  173, 62, 58, 42, 0.092325769
  249, 521, 34, 34, 0.092314355
  430, 118, 44, 47, 0.092184432
  496, 223, 49, 27, 0.092178367
  173, 73, 53, 29, 0.091989674
  244, 523, 46, 64, 0.091763958
  664, 154, 44, 76, 0.091569424
  664, 94, 44, 95, 0.091530636
  499, 223, 43, 67, 0.09141954
  365, 379, 40, 62, 0.09135177
  146, 61, 65, 40, 0.090970345
  316, 175, 39, 33, 0.090602085
  413, 23, 72, 36, 0.09005738
  172, 50, 65, 125, 0.09003076
  206, 255, 55, 38, 0.090003952
  448, 22, 72, 37, 0.089710385
  172, 22, 39, 80, 0.089533962
  319, 82, 85, 46, 0.089476079
  248, 432, 92, 153, 0.089112058
  226, 255, 65, 38, 0.088997588
  664, 149, 62, 40, 0.088994905
  304, 516, 35, 69, 0.088626228
  226, 238, 35, 57, 0.088617787
  697, 301, 50, 62, 0.0884443
  319, 166, 43, 67, 0.088307619
  319, 86, 60, 53, 0.088268362
  701, 326, 53, 53, 0.088239715
  321, 66, 43, 58, 0.08821433
  319, 172, 36, 77, 0.08820311
  286, 233, 40, 58, 0.088079952
  131, 431, 53, 53, 0.087852441
  157, 73, 57, 29, 0.08760386
  391, 255, 83, 37, 0.087596729
  658, 109, 49, 80, 0.0872612
  365, 371, 40, 58, 0.087221548
  701, 328, 78, 41, 0.086986899
  694, 328, 46, 76, 0.086904123
  499, 221, 60, 53, 0.086848028
  318, 86, 37, 100, 0.086549349
  548, 101, 56, 67, 0.086400904
  550, 71, 43, 67, 0.08634498
  187, 141, 33, 83, 0.086325623
  319, 86, 43, 71, 0.086282916
  698, 331, 67, 43, 0.085856475
  276, 86, 80, 35, 0.085573353
  138, 431, 160, 53, 0.085513674
  138, 436, 44, 65, 0.085466407
  615, 156, 92, 135, 0.085415833
  132, 63, 91, 113, 0.085392661
  287, 175, 68, 98, 0.085295506
  319, 86, 49, 142, 0.085087232
  319, 173, 77, 56, 0.084781125
  470, 223, 71, 34, 0.084636629
  439, 23, 68, 142, 0.084608413
  236, 431, 62, 44, 0.084568426
  172, 62, 77, 38, 0.084448926
  125, 142, 98, 40, 0.08430469
  248, 523, 58, 42, 0.084294863
  318, 154, 38, 62, 0.084263101
  371, 255, 58, 38, 0.084217474
  438, 106, 156, 59, 0.084099308
  188, 142, 86, 33, 0.084031492
  319, 174, 46, 72, 0.08393883
  638, 254, 105, 109, 0.083827369
  548, 106, 56, 80, 0.083736479
  391, 238, 68, 53, 0.083709776
  214, 253, 47, 50, 0.08334972
  638, 233, 56, 56, 0.083265141
  172, 62, 57, 128, 0.083245412
  660, 165, 44, 25, 0.083239548
  257, 431, 39, 70, 0.083210915
  510, 494, 89, 35, 0.083105892
  634, 154, 89, 146, 0.083038203
  172, 33, 46, 67, 0.082984336
  249, 429, 47, 137, 0.082867533
  226, 253, 53, 50, 0.082831949
  425, 20, 57, 149, 0.082778625
  457, 494, 92, 35, 0.082192473
  278, 530, 63, 59, 0.082113892
  172, 62, 46, 89, 0.082108267
  154, 62, 62, 42, 0.082010172
  262, 403, 40, 71, 0.082008891
  412, 23, 74, 142, 0.081991673
  139, 438, 62, 44, 0.081980512
  216, 431, 80, 43, 0.08161059
  249, 491, 35, 75, 0.08160881
  501, 223, 98, 41, 0.0815726
  246, 521, 48, 48, 0.081257425
  311, 173, 53, 63, 0.081195913
  556, 106, 151, 83, 0.080904819
  259, 388, 36, 88, 0.080853358
  226, 253, 29, 69, 0.080690287
  391, 220, 39, 72, 0.080186918
  635, 204, 48, 86, 0.08018171
  639, 156, 103, 135, 0.080004022
  308, 544, 56, 47, 0.079870455
  178, 92, 43, 84, 0.079793543
  661, 156, 80, 36, 0.079478733
  250, 427, 47, 56, 0.079310067
  281, 544, 60, 47, 0.07925719
  232, 520, 107, 67, 0.079140715
  686, 326, 53, 53, 0.079131089
  701, 329, 41, 104, 0.079053357
  391, 222, 151, 69, 0.079047523
  700, 272, 39, 92, 0.07903301
  278, 85, 77, 131, 0.078987867
  164, 431, 131, 43, 0.078862756
  248, 233, 78, 74, 0.078841023
  364, 381, 62, 42, 0.078804247
  300, 174, 129, 118, 0.078741051
  319, 71, 60, 53, 0.078683704
  557, 104, 41, 107, 0.078569695
  622, 152, 86, 37, 0.078526706
  634, 253, 50, 62, 0.078384258
  536, 101, 60, 53, 0.078264244
  436, 22, 50, 53, 0.078228161
  235, 256, 27, 39, 0.078227475
  511, 493, 44, 65, 0.07822495
  644, 331, 95, 33, 0.078143053
  701, 332, 78, 47, 0.07807783
  225, 224, 103, 81, 0.078016132
  287, 232, 145, 59, 0.077838778
  715, 317, 25, 53, 0.077790156
  139, 412, 156, 71, 0.077692069
  166, 69, 45, 36, 0.077631734
  221, 523, 62, 42, 0.077400513
  262, 432, 40, 76, 0.077391692
  499, 223, 76, 55, 0.077314861
  557, 72, 36, 77, 0.077248216
  664, 157, 62, 56, 0.077190846
  321, 85, 47, 103, 0.076930784
  224, 251, 37, 90, 0.076881453
  161, 116, 60, 60, 0.076704279
  122, 133, 98, 43, 0.076672718
  439, 63, 35, 104, 0.076656193
  394, 133, 80, 33, 0.076635338
  514, 491, 30, 44, 0.076550193
  319, 86, 89, 51, 0.076315425
  178, 138, 43, 76, 0.076197445
  511, 419, 33, 110, 0.076056764
  172, 60, 183, 63, 0.075931519
  296, 174, 62, 42, 0.075878285
  391, 251, 33, 44, 0.075877056
  307, 85, 47, 53, 0.07583876
  116, 438, 65, 44, 0.075681522
  439, 90, 43, 76, 0.075668424
  161, 139, 60, 60, 0.075652614
  701, 331, 52, 89, 0.075499661
  274, 521, 67, 60, 0.075390935
  307, 511, 40, 72, 0.075376958
  319, 71, 63, 145, 0.075307086
  391, 244, 89, 49, 0.075045258
  277, 530, 23, 44, 0.074971572
  664, 157, 43, 131, 0.074923895
  247, 500, 92, 81, 0.074918091
  304, 85, 53, 120, 0.074899092
  494, 447, 50, 83, 0.074810356
  321, 86, 112, 41, 0.07476411
  469, 474, 76, 56, 0.074743882
  226, 206, 101, 87, 0.074695326
  641, 136, 67, 55, 0.074676596
  173, 58, 86, 118, 0.074513704
  247, 523, 45, 29, 0.074477702
  557, 106, 92, 33, 0.07440713
  148, 33, 64, 67, 0.074370526
  236, 416, 60, 60, 0.07432884
  171, 66, 43, 53, 0.074278198
  438, 133, 86, 33, 0.07427422
  664, 131, 60, 60, 0.074203819
  235, 233, 92, 45, 0.074090503
  557, 47, 36, 92, 0.074032784
  556, 106, 76, 40, 0.074027896
  318, 86, 157, 79, 0.073983259
  606, 252, 80, 37, 0.073887505
  446, 23, 53, 63, 0.07381282
  122, 57, 89, 43, 0.073714569
  187, 139, 74, 156, 0.073584013
  232, 431, 63, 134, 0.073571064
  439, 88, 156, 78, 0.073551133
  138, 52, 76, 49, 0.073546968
  386, 229, 53, 63, 0.073538236
  500, 193, 42, 68, 0.073534705
  638, 250, 86, 39, 0.073514961
  169, 63, 43, 107, 0.073502414
  98, 63, 124, 113, 0.073464952
  440, 132, 34, 92, 0.073338814
  664, 87, 58, 102, 0.073310249
  316, 82, 81, 135, 0.07311447
  156, 46, 58, 58, 0.072957844
  300, 225, 25, 50, 0.072859399
  288, 86, 67, 189, 0.072830878
  319, 83, 43, 119, 0.072763316
  307, 538, 44, 44, 0.072757952
  226, 254, 39, 101, 0.072628334
  550, 90, 52, 85, 0.072622761
  139, 438, 42, 86, 0.072542191
  319, 72, 89, 51, 0.072469026
  634, 252, 49, 85, 0.072421707
  536, 106, 60, 80, 0.07241071
  297, 546, 77, 35, 0.072289735
  500, 106, 94, 151, 0.072208717
  439, 115, 44, 56, 0.072100036
  439, 132, 62, 52, 0.072099514
  658, 147, 49, 76, 0.072042681
  244, 381, 52, 93, 0.071985774
  638, 208, 56, 83, 0.071911879
  391, 218, 56, 75, 0.071899518
  139, 436, 33, 49, 0.071802743
  287, 222, 38, 77, 0.071720541
  318, 86, 65, 69, 0.071717769
  317, 175, 107, 43, 0.071712837
  305, 497, 34, 86, 0.071661331
  439, 133, 56, 62, 0.0716011
  225, 261, 38, 38, 0.071535408
  161, 142, 59, 74, 0.0715238
  356, 254, 75, 37, 0.071479306
  446, 4, 53, 60, 0.071394421
  635, 155, 47, 134, 0.071304969
  424, 23, 63, 56, 0.071274631
  447, 4, 75, 55, 0.071169853
  448, 22, 89, 40, 0.071134567
  288, 173, 86, 102, 0.07112398
  431, 102, 53, 67, 0.071094699
  129, 435, 168, 60, 0.070887499
  318, 173, 37, 101, 0.070815928
  206, 226, 119, 67, 0.070804223
  364, 381, 46, 80, 0.070713088
  502, 489, 43, 76, 0.070649721
  683, 298, 56, 66, 0.070640214
  257, 431, 39, 100, 0.070616186
  394, 23, 87, 142, 0.070606127
  556, 106, 63, 80, 0.070605539
  223, 233, 208, 65, 0.070482217
  226, 233, 101, 97, 0.070350915
  256, 521, 27, 44, 0.070200525
  247, 523, 83, 47, 0.070197172
  663, 147, 86, 43, 0.070156097
  686, 331, 55, 89, 0.070067681
  390, 247, 39, 77, 0.070028797
  416, 132, 58, 52, 0.069997311
  185, 141, 170, 77, 0.069837302
  319, 147, 43, 71, 0.069791153
  186, 76, 169, 111, 0.069767565
  173, 41, 56, 60, 0.069738857
  247, 546, 92, 35, 0.069670714
  365, 252, 63, 170, 0.069643565
  501, 223, 40, 101, 0.06961523
  158, 61, 56, 73, 0.069464684
  439, 128, 43, 76, 0.069394507
  220, 169, 135, 124, 0.069306783
  501, 431, 43, 100, 0.069280893
  311, 86, 60, 67, 0.069234706
  136, 61, 85, 39, 0.069171555
  220, 242, 46, 85, 0.069086559
  488, 492, 56, 73, 0.069074631
  366, 381, 83, 41, 0.069070093
  491, 221, 60, 67, 0.068988636
  701, 245, 41, 119, 0.06898354
  637, 182, 49, 107, 0.068900466
  556, 101, 63, 53, 0.068899833
  431, 133, 113, 125, 0.068842344
  694, 330, 46, 119, 0.06883952
  226, 221, 40, 72, 0.068700552
  284, 231, 43, 80, 0.068652965
  499, 214, 76, 52, 0.068619728
  512, 493, 125, 41, 0.068472594
  173, 62, 101, 38, 0.068470135
  665, 256, 75, 107, 0.068465866
  312, 175, 57, 89, 0.068450384
  430, 91, 44, 74, 0.0684302
  660, 331, 80, 43, 0.068370096
  249, 429, 68, 137, 0.06835258
  632, 157, 76, 61, 0.068343766
  259, 381, 146, 94, 0.068312287
  318, 131, 157, 87, 0.068282329
  226, 398, 70, 76, 0.068279743
  319, 174, 89, 69, 0.068151109
  664, 113, 60, 76, 0.068134777
  130, 139, 92, 59, 0.068082981
  187, 91, 43, 85, 0.068056524
  173, 62, 167, 113, 0.068008237
  446, 23, 39, 125, 0.067963228
  257, 430, 71, 46, 0.067931496
  310, 174, 74, 63, 0.067919187
  286, 205, 144, 87, 0.067880794
  307, 546, 92, 35, 0.067844212
  475, 493, 68, 65, 0.067731835
  172, 62, 183, 89, 0.067727655
  139, 430, 156, 101, 0.067687236
  256, 385, 46, 89, 0.067634091
  699, 331, 70, 77, 0.06755951
  179, 71, 43, 110, 0.067541957
  470, 493, 76, 49, 0.06748382
  495, 220, 188, 71, 0.067461848
  470, 451, 74, 78, 0.0674261
  420, 493, 125, 37, 0.067416415
  256, 545, 83, 52, 0.067409284
  664, 157, 113, 35, 0.067402937
  185, 63, 43, 113, 0.067384817
  246, 221, 80, 73, 0.067370154
  391, 197, 37, 95, 0.067332074
  296, 85, 59, 104, 0.067286327
  139, 413, 43, 71, 0.067284875
  247, 82, 108, 135, 0.067184336
  313, 46, 40, 75, 0.067081004
  663, 157, 77, 207, 0.066898979
  366, 379, 39, 95, 0.066863976
  390, 132, 85, 160, 0.066860043
  669, 127, 27, 47, 0.066849321
  715, 301, 25, 65, 0.066847309
  444, 223, 98, 35, 0.066761076
  391, 222, 89, 69, 0.066746958
  492, 416, 53, 113, 0.066739209
  371, 208, 170, 83, 0.066559151
  307, 545, 77, 45, 0.066461846
  501, 172, 40, 86, 0.066459581
  155, 58, 81, 118, 0.066450313
  259, 431, 60, 53, 0.066421486
  664, 131, 80, 59, 0.066400833
  663, 147, 45, 107, 0.066308834
  223, 214, 38, 79, 0.066287734
  439, 20, 55, 170, 0.066258639
  641, 103, 66, 86, 0.066215992
  172, 73, 181, 53, 0.066173643
  669, 133, 38, 42, 0.066157416
  147, 1, 65, 100, 0.066078998
  226, 428, 70, 56, 0.066069968
  412, 106, 62, 59, 0.066013232
  319, 161, 77, 56, 0.065991573
  130, 432, 174, 77, 0.065981135
  279, 232, 151, 77, 0.065877773
  221, 252, 53, 67, 0.065849736
  248, 469, 92, 113, 0.065836474
  664, 154, 60, 74, 0.065817788
  635, 178, 65, 113, 0.06581191
  318, 52, 65, 69, 0.06568832
  319, 86, 81, 161, 0.065636374
  664, 157, 59, 131, 0.065565623
  585, 157, 122, 35, 0.065545529
  448, 492, 95, 51, 0.065539189
  382, 259, 54, 35, 0.065504991
  511, 491, 73, 53, 0.065369412
  244, 430, 59, 122, 0.06534639
  501, 214, 101, 43, 0.06519594
  660, 142, 67, 52, 0.065169871
  321, 74, 119, 47, 0.065123536
  173, 61, 56, 73, 0.065074921
  547, 104, 47, 112, 0.065039977
  337, 379, 67, 43, 0.064879015
  364, 379, 67, 60, 0.06485524
  500, 223, 63, 89, 0.064840645
  134, 109, 87, 69, 0.064796574
  641, 154, 67, 74, 0.064640395
  546, 106, 76, 46, 0.064626187
  299, 82, 67, 46, 0.064561881
  172, 73, 47, 50, 0.064559504
  390, 253, 71, 49, 0.064543881
  637, 223, 69, 69, 0.064533249
  214, 432, 81, 138, 0.064486533
  655, 63, 53, 127, 0.064479053
  226, 251, 63, 60, 0.06447041
  138, 438, 89, 44, 0.06439428
  161, 62, 61, 166, 0.064346924
  500, 214, 63, 74, 0.064328611
  226, 255, 98, 39, 0.064233832
  226, 176, 101, 119, 0.064208455
  364, 381, 61, 84, 0.064205274
  252, 226, 76, 49, 0.064185612
  214, 413, 83, 65, 0.06415014
  187, 121, 44, 56, 0.064135417
  447, 22, 148, 117, 0.064115547
  169, 59, 113, 119, 0.064028136
  206, 251, 56, 60, 0.063968554
  391, 255, 95, 45, 0.06394136
  701, 331, 51, 125, 0.063928656
  191, 255, 72, 46, 0.063922204
  286, 226, 65, 48, 0.063922204
  511, 492, 63, 73, 0.063917793
  511, 473, 63, 56, 0.063890956
  268, 435, 71, 147, 0.063860469
  556, 106, 59, 104, 0.063782662
  501, 212, 43, 97, 0.063770123
  438, 133, 80, 49, 0.063767433
  172, 61, 65, 50, 0.063758783
  319, 23, 168, 98, 0.063750334
  639, 238, 39, 51, 0.063735604
  233, 261, 34, 34, 0.063701168
  701, 314, 84, 49, 0.063592903
  214, 252, 49, 76, 0.063582078
  631, 262, 54, 27, 0.063563995
  206, 523, 134, 71, 0.063555039
  447, 22, 71, 52, 0.063532636
  173, 109, 56, 67, 0.06351009
  248, 520, 75, 65, 0.063492663
  661, 160, 61, 29, 0.063431725
  172, 1, 46, 102, 0.063350484
  442, 136, 33, 39, 0.063298754
  390, 254, 39, 101, 0.063268341
  247, 86, 107, 35, 0.063248903
  188, 109, 63, 67, 0.063224792
  522, 491, 23, 44, 0.063180096
  690, 236, 49, 129, 0.063130125
  244, 404, 52, 76, 0.062994957
  257, 431, 101, 43, 0.062949836
  550, 62, 52, 76, 0.062944412
  499, 206, 62, 52, 0.062893048
  419, 23, 80, 37, 0.062749274
  185, 136, 85, 46, 0.062734812
  248, 233, 66, 63, 0.062710918
  663, 157, 86, 57, 0.062701717
  423, 481, 121, 49, 0.06265875
  221, 522, 63, 67, 0.062643051
  139, 437, 77, 63, 0.062640481
  447, 22, 51, 86, 0.062622763
  439, 113, 60, 56, 0.062581249
  481, 478, 75, 52, 0.062488273
  166, 124, 67, 52, 0.062433183
  308, 521, 56, 60, 0.062420964
  229, 253, 37, 51, 0.062393766
  319, 166, 76, 86, 0.062357333
  556, 106, 39, 24, 0.062340606
  500, 223, 119, 51, 0.062321968
  263, 174, 92, 43, 0.062289357
  447, 22, 51, 140, 0.062223241
  128, 34, 85, 67, 0.062206488
  173, 24, 55, 151, 0.062190425
  622, 131, 86, 59, 0.062180828
  249, 446, 35, 120, 0.062161531
  173, 47, 40, 101, 0.062116172
  154, 63, 58, 97, 0.062100381
  386, 22, 100, 39, 0.062098663
  507, 493, 51, 83, 0.062042966
  511, 434, 43, 97, 0.06199814
  518, 88, 76, 52, 0.06199646
  321, 10, 33, 113, 0.061965037
  296, 544, 67, 53, 0.061960187
  234, 253, 27, 53, 0.061908379
  131, 436, 53, 77, 0.061784353
  223, 214, 91, 82, 0.061764196
  499, 223, 101, 68, 0.06175369
  502, 490, 43, 100, 0.061721493
  288, 174, 113, 113, 0.061624132
  277, 490, 63, 92, 0.061572079
  698, 310, 67, 55, 0.061567035
  262, 175, 95, 77, 0.061524972
  506, 463, 53, 66, 0.061497968
  644, 310, 95, 53, 0.061322439
  311, 539, 28, 51, 0.061296027
  440, 133, 57, 83, 0.061155595
  226, 232, 137, 77, 0.061102673
  512, 394, 43, 135, 0.061064649
  558, 105, 49, 123, 0.061032876
  697, 331, 88, 62, 0.061027732
  502, 102, 92, 51, 0.060995098
  366, 381, 74, 78, 0.060977615
  363, 23, 119, 37, 0.060910042
  389, 261, 61, 30, 0.060878962
  187, 138, 43, 85, 0.060862448
  634, 215, 86, 75, 0.06063956
  187, 141, 132, 41, 0.060586754
  556, 91, 53, 47, 0.06058104
  682, 330, 58, 110, 0.060560692
  502, 106, 92, 61, 0.060517747
  197, 523, 86, 43, 0.060517311
  244, 523, 116, 63, 0.060487315
  500, 218, 119, 44, 0.0604598
  416, 70, 59, 95, 0.060422678
  247, 480, 43, 85, 0.060421083
  461, 489, 83, 65, 0.060362648
  298, 508, 43, 76, 0.060265381
  310, 546, 30, 49, 0.060245506
  139, 432, 77, 52, 0.060190201
  470, 223, 71, 49, 0.060188882
  172, 255, 89, 39, 0.060131073
  386, 204, 53, 87, 0.060022548
  394, 133, 80, 49, 0.059997559
  318, 174, 115, 57, 0.059908222
  140, 22, 73, 80, 0.059899427
  224, 253, 85, 49, 0.059801843
  160, 416, 137, 59, 0.059757885
  448, 23, 80, 65, 0.059710409
  698, 290, 65, 74, 0.059684336
  494, 89, 101, 49, 0.059615728
  319, 52, 92, 69, 0.059611194
  293, 82, 81, 135, 0.059571795
  512, 471, 122, 59, 0.059548914
  187, 142, 33, 143, 0.059545159
  382, 253, 53, 65, 0.059490491
  512, 490, 48, 100, 0.059460785
  249, 512, 132, 69, 0.05945605
  128, 6, 83, 95, 0.059437465
  607, 157, 101, 53, 0.059394602
  296, 86, 60, 73, 0.059389316
  664, 147, 113, 43, 0.059349164
  97, 438, 86, 45, 0.059299447
  701, 240, 53, 125, 0.059262976
  627, 147, 67, 142, 0.0592537
  430, 51, 45, 116, 0.059224404
  316, 174, 98, 126, 0.059206322
  147, 69, 74, 141, 0.059176341
  173, 22, 55, 80, 0.0591687
  319, 110, 43, 107, 0.059146002
  391, 250, 45, 37, 0.059036463
  226, 253, 52, 84, 0.059029937
  271, 508, 74, 74, 0.059025537
  310, 157, 53, 59, 0.058980513
  315, 172, 100, 96, 0.058973689
  500, 219, 81, 86, 0.058966391
  267, 85, 89, 49, 0.058898453
  476, 424, 69, 107, 0.058842354
  664, 151, 33, 49, 0.058805302
  185, 432, 113, 135, 0.058740031
  278, 233, 56, 70, 0.058666367
  358, 375, 52, 76, 0.058542252
  101, 142, 119, 59, 0.05853308
  271, 86, 83, 69, 0.058465738
  509, 493, 85, 61, 0.058447629
  232, 356, 63, 119, 0.058382846
  222, 253, 51, 98, 0.058281831
  265, 173, 91, 102, 0.058220774
  268, 426, 27, 53, 0.058129296
  204, 523, 80, 55, 0.05805755
  134, 128, 87, 83, 0.058012966
  485, 493, 71, 61, 0.057981018
  499, 202, 76, 55, 0.057882253
  317, 175, 53, 32, 0.057876579
  442, 96, 152, 49, 0.05768488
  661, 76, 81, 113, 0.057556827
  664, 56, 59, 134, 0.057556827
  450, 9, 124, 51, 0.057554081
  485, 442, 69, 87, 0.057418216
  187, 129, 132, 47, 0.057349287
  138, 438, 74, 78, 0.057319295
  404, 22, 85, 52, 0.057285774
  658, 332, 86, 64, 0.057122346
  270, 86, 86, 103, 0.057089459
  634, 267, 50, 23, 0.057080965
  321, 23, 47, 100, 0.057073843
  166, 52, 44, 30, 0.056997273
  188, 139, 63, 74, 0.056987096
  500, 392, 45, 140, 0.056938745
  206, 253, 55, 98, 0.056925017
  409, 23, 77, 70, 0.05690866
  218, 252, 44, 119, 0.056907874
  536, 46, 59, 92, 0.056884792
  139, 438, 61, 98, 0.056869123
  320, 70, 57, 116, 0.056768388
  296, 173, 60, 73, 0.056736026
  511, 484, 129, 59, 0.056690875
  407, 494, 137, 51, 0.056690875
  153, 59, 56, 21, 0.056671053
  288, 226, 86, 47, 0.056639135
  391, 190, 61, 101, 0.056633908
  206, 232, 124, 77, 0.05662109
  612, 154, 72, 137, 0.056527343
  701, 305, 41, 97, 0.056468114
  501, 223, 49, 119, 0.056426078
  229, 229, 111, 48, 0.056386821
  248, 482, 112, 99, 0.056381557
  139, 438, 43, 119, 0.056360271
  244, 432, 52, 67, 0.056310106
  319, 160, 101, 59, 0.05630238
  447, 20, 69, 78, 0.056295674
  692, 328, 55, 137, 0.05628274
  89, 129, 134, 47, 0.0562503
  639, 253, 76, 140, 0.056249216
  185, 124, 85, 52, 0.056234747
  416, 133, 59, 83, 0.056228936
  394, 112, 80, 55, 0.056227893
  166, 1, 65, 100, 0.056225803
  508, 442, 65, 87, 0.05612326
  223, 254, 208, 65, 0.056095693
  438, 112, 80, 55, 0.056086328
  441, 22, 49, 36, 0.056052309
  562, 106, 33, 39, 0.056012567
  646, 332, 97, 51, 0.055943388
  187, 96, 77, 79, 0.055923428
  626, 251, 56, 73, 0.055897713
  188, 140, 53, 147, 0.055841986
  638, 76, 81, 113, 0.055742003
  148, 63, 63, 122, 0.055738654
  372, 255, 77, 37, 0.055694964
  552, 4, 51, 134, 0.055694297
  658, 332, 57, 31, 0.055684049
  448, 22, 134, 45, 0.055624999
  439, 122, 149, 43, 0.055598803
  113, 93, 107, 83, 0.055553574
  507, 412, 51, 119, 0.055515341
  171, 31, 73, 70, 0.055494905
  635, 251, 83, 109, 0.055484824
  317, 82, 130, 129, 0.055409398
  147, 24, 75, 151, 0.055387314
  280, 233, 45, 107, 0.055382024
  202, 398, 95, 77, 0.055374093
  670, 290, 74, 74, 0.05534941
  634, 182, 91, 109, 0.055260368
  130, 442, 57, 40, 0.055209711
  424, 128, 52, 76, 0.055208206
  223, 252, 65, 74, 0.055173445
  634, 236, 110, 55, 0.055130273
  430, 20, 55, 98, 0.055126812
  448, 14, 46, 85, 0.055124268
  160, 139, 61, 101, 0.0550569
  118, 62, 95, 72, 0.055024192
  163, 73, 50, 50, 0.055010073
  176, 76, 94, 100, 0.054987844
  262, 422, 39, 113, 0.054930482
  440, 88, 57, 80, 0.054892007
  556, 106, 92, 76, 0.054853201
  501, 150, 43, 107, 0.054789461
  143, 88, 77, 104, 0.054756053
  166, 83, 65, 95, 0.054741278
  209, 546, 130, 51, 0.054720804
  439, 133, 89, 65, 0.054689787
  440, 132, 41, 116, 0.054651875
  391, 252, 73, 67, 0.054590736
  556, 102, 92, 51, 0.054586504
  492, 121, 49, 136, 0.054573238
  365, 347, 39, 77, 0.054553453
  391, 254, 23, 53, 0.054549888
  304, 472, 35, 110, 0.054529008
  185, 250, 76, 43, 0.054506477
  318, 147, 83, 69, 0.054476909
  646, 290, 95, 73, 0.054472733
  491, 223, 59, 104, 0.054445703
  262, 430, 85, 61, 0.054429103
  699, 328, 83, 92, 0.054427568
  171, 61, 73, 77, 0.054424349
  360, 133, 116, 33, 0.054396734
  656, 111, 94, 78, 0.054320466
  214, 385, 83, 92, 0.054317456
  140, 69, 71, 44, 0.054281805
  342, 20, 144, 41, 0.054222979
  664, 331, 77, 119, 0.054143686
  550, 102, 74, 68, 0.054131895
  185, 91, 65, 87, 0.054089107
  225, 252, 45, 119, 0.054041818
  661, 155, 81, 81, 0.054033305
  622, 182, 65, 109, 0.054023448
  172, 62, 78, 92, 0.053902712
  259, 410, 60, 66, 0.053896304
  76, 57, 137, 51, 0.053850561
  450, 23, 124, 59, 0.05380132
  364, 380, 92, 64, 0.053785712
  553, 106, 97, 56, 0.05372436
  366, 380, 51, 115, 0.053720422
  173, 140, 47, 140, 0.053717174
  262, 432, 101, 51, 0.053585324
  557, 26, 43, 112, 0.053537533
  500, 207, 119, 51, 0.053523842
  548, 88, 57, 112, 0.053468026
  569, 251, 115, 41, 0.05343058
  382, 216, 74, 75, 0.053424116
  662, 157, 71, 147, 0.053363062
  287, 176, 42, 98, 0.05335474
  226, 253, 61, 98, 0.053338621
  274, 223, 52, 85, 0.053336803
  286, 195, 40, 80, 0.053324983
  394, 255, 62, 25, 0.053262442
  262, 376, 52, 98, 0.05322523
  357, 379, 57, 89, 0.053193495
  276, 52, 78, 69, 0.053154048
  670, 328, 74, 92, 0.053107008
  130, 438, 52, 98, 0.053092171
  256, 521, 29, 57, 0.053071484
  440, 493, 103, 77, 0.052960929
  356, 264, 75, 29, 0.052959215
  508, 490, 65, 92, 0.052951444
  669, 118, 38, 57, 0.052947059
  511, 456, 89, 75, 0.052915219
  165, 61, 47, 137, 0.052875008
  615, 155, 92, 81, 0.052798435
  187, 95, 33, 104, 0.052747339
  318, 82, 147, 63, 0.052742936
  305, 532, 80, 49, 0.052714348
  262, 345, 39, 131, 0.052708846
  104, 60, 112, 45, 0.052663669
  288, 172, 73, 132, 0.052561302
  600, 138, 112, 51, 0.052530758
  90, 136, 138, 51, 0.052466329
  492, 221, 49, 125, 0.052445784
  664, 124, 112, 65, 0.052425962
  511, 493, 129, 68, 0.052408107
  470, 478, 73, 74, 0.052407194
  138, 61, 76, 64, 0.052343778
  664, 157, 127, 49, 0.052330591
  188, 63, 61, 122, 0.052235454
  663, 156, 109, 65, 0.052183133
  309, 545, 38, 38, 0.052173097
  700, 256, 67, 107, 0.052148238
  365, 379, 70, 101, 0.052126616
  700, 331, 77, 122, 0.052097373
  288, 178, 53, 100, 0.052093416
  470, 223, 74, 65, 0.052018803
  221, 86, 134, 61, 0.052016456
  229, 200, 96, 78, 0.052009489
  214, 432, 83, 65, 0.05193748
  276, 231, 38, 48, 0.051877916
  390, 246, 142, 53, 0.051849212
  226, 236, 52, 58, 0.051848263
  104, 42, 112, 59, 0.05184187
  188, 40, 49, 136, 0.051812172
  148, 52, 64, 67, 0.05181003
  254, 175, 102, 61, 0.051759936
  257, 432, 69, 65, 0.051757112
  256, 430, 65, 119, 0.051728018
  382, 186, 46, 107, 0.051717591
  286, 217, 170, 75, 0.051641274
  401, 253, 34, 30, 0.051613972
  646, 160, 59, 33, 0.051593401
  138, 436, 94, 73, 0.05155402
  186, 113, 169, 98, 0.05150627
  230, 174, 125, 78, 0.051487852
  664, 222, 77, 141, 0.05143648
  173, 52, 167, 65, 0.051356781
  593, 156, 115, 67, 0.051352132
  226, 253, 86, 65, 0.051346712
  138, 436, 81, 104, 0.051331248
  622, 91, 87, 101, 0.051220942
  88, 52, 127, 49, 0.051185526
  635, 109, 73, 183, 0.051081952
  306, 439, 41, 143, 0.051003542
  292, 527, 49, 60, 0.051002737
  301, 250, 128, 41, 0.050924964
  518, 64, 77, 80, 0.050917167
  172, 62, 92, 68, 0.050914768
  319, 133, 60, 83, 0.050875362
  342, 23, 144, 49, 0.050865959
  382, 132, 92, 57, 0.050839934
  321, 548, 80, 35, 0.050775573
  557, 40, 61, 98, 0.050708648
  172, 41, 36, 44, 0.050706856
  669, 149, 38, 38, 0.050551407
  260, 232, 73, 80, 0.050520014
  502, 106, 98, 81, 0.050508544
  361, 380, 43, 115, 0.050403282
  262, 430, 49, 137, 0.05039249
  308, 536, 70, 56, 0.050329257
  101, 106, 119, 77, 0.050272554
  439, 105, 151, 78, 0.050266396
  294, 476, 47, 107, 0.050248072
  146, 76, 94, 100, 0.050205912
  172, 52, 137, 49, 0.05019857
  635, 252, 47, 156, 0.050195862
  546, 104, 81, 108, 0.050158769
  499, 178, 60, 80, 0.050148576
  402, 466, 141, 63, 0.050090514
  499, 204, 92, 65, 0.049994301
  454, 443, 92, 92, 0.049943484
  173, 45, 30, 38, 0.049836908
  447, 471, 110, 59, 0.049800873
  438, 132, 41, 145, 0.049789656
  661, 149, 34, 34, 0.049726512
  172, 1, 78, 100, 0.04972462
  662, 136, 112, 57, 0.04970891
  432, 64, 65, 104, 0.049702566
  512, 388, 61, 143, 0.049662862
  181, 523, 104, 48, 0.04966218
  628, 56, 79, 134, 0.049607221
  371, 233, 60, 59, 0.049566425
  401, 256, 44, 27, 0.049521506
  213, 223, 48, 71, 0.049514711
  432, 82, 161, 63, 0.049440958
  297, 381, 107, 41, 0.049379863
  512, 477, 124, 81, 0.049355704
  112, 23, 104, 77, 0.049348827
  391, 256, 43, 48, 0.049347136
  638, 251, 73, 53, 0.049284361
  318, 172, 51, 132, 0.049248058
  130, 252, 131, 51, 0.049194422
  338, 133, 136, 55, 0.049151465
  698, 205, 49, 160, 0.049137227
  631, 302, 112, 61, 0.049136624
  371, 204, 60, 87, 0.049129348
  382, 23, 104, 61, 0.049012799
  608, 253, 77, 89, 0.048985839
  405, 4, 83, 55, 0.048955925
  172, 41, 125, 59, 0.048949923
  163, 142, 65, 134, 0.048908547
  286, 233, 63, 56, 0.048858549
  640, 113, 80, 77, 0.048774444
  223, 429, 74, 105, 0.048764002
  277, 530, 40, 60, 0.048763189
  389, 254, 61, 31, 0.048740003
  188, 124, 142, 59, 0.048730943
  180, 138, 55, 156, 0.048726637
  502, 493, 65, 101, 0.048719518
  261, 233, 65, 107, 0.048676014
  286, 174, 104, 87, 0.048664667
  402, 494, 141, 67, 0.048638675
  556, 88, 151, 85, 0.048636746
  319, 112, 65, 104, 0.048631098
  622, 238, 85, 52, 0.048600648
  438, 133, 141, 49, 0.048597399
  438, 130, 149, 41, 0.048597399
  715, 331, 33, 80, 0.048578128
  628, 327, 113, 57, 0.048539378
  422, 132, 53, 134, 0.048517823
  637, 252, 69, 92, 0.04846083
  371, 207, 170, 57, 0.048441287
  347, 252, 67, 170, 0.048430331
  341, 379, 63, 60, 0.048421729
  556, 11, 77, 127, 0.048418391
  171, 67, 70, 37, 0.048373122
  146, 249, 110, 37, 0.048362829
  387, 160, 51, 131, 0.048358329
  569, 152, 142, 43, 0.048346005
  428, 4, 59, 60, 0.048328452
  556, 65, 92, 73, 0.048314448
  185, 252, 78, 74, 0.048312791
  556, 83, 73, 56, 0.048279762
  438, 129, 78, 83, 0.048228182
  308, 537, 142, 49, 0.04813756
  390, 186, 87, 105, 0.048128068
  585, 331, 156, 52, 0.048116557
  663, 103, 109, 87, 0.048046682
  234, 368, 73, 109, 0.047966018
  154, 49, 54, 35, 0.047957014
  320, 10, 64, 113, 0.047928289
  499, 185, 74, 74, 0.047858417
  594, 253, 89, 64, 0.04784555
  110, 52, 101, 65, 0.047839016
  312, 175, 138, 93, 0.047837507
  262, 412, 103, 64, 0.047793273
  698, 318, 83, 83, 0.047723942
  556, 53, 74, 87, 0.047723893
  554, 97, 164, 41, 0.047708113
  386, 261, 43, 53, 0.047666587
  190, 523, 95, 73, 0.047640234
  187, 141, 128, 57, 0.047637735
  249, 523, 57, 29, 0.047628801
  226, 256, 48, 38, 0.047623418
  664, 146, 33, 44, 0.047595579
  394, 20, 91, 78, 0.047594998
  220, 436, 63, 131, 0.047592256
  637, 253, 71, 64, 0.047574639
  208, 191, 119, 87, 0.047553662
  571, 157, 140, 47, 0.047551997
  72, 62, 141, 75, 0.04754803
  391, 238, 81, 74, 0.047483813
  185, 218, 142, 77, 0.047438212
  238, 508, 46, 85, 0.047418687
  319, 147, 113, 71, 0.047416598
  148, 522, 137, 51, 0.047396835
  508, 461, 65, 74, 0.04735627
  448, 22, 107, 70, 0.047272917
  139, 437, 134, 67, 0.047259118
  110, 61, 103, 94, 0.047252938
  274, 429, 89, 156, 0.047251288
  424, 91, 52, 85, 0.047225691
  249, 448, 53, 128, 0.047217041
  367, 108, 107, 57, 0.047197171
  520, 23, 74, 115, 0.047192749
  218, 232, 37, 54, 0.047190897
  307, 499, 74, 83, 0.047177501
  258, 96, 98, 177, 0.047168646
  207, 252, 57, 128, 0.047101554
  307, 527, 49, 60, 0.047087308
  402, 40, 72, 125, 0.047058858
  274, 172, 97, 45, 0.047025442
  172, 394, 125, 80, 0.04691986
  75, 63, 140, 56, 0.046888869
  649, 163, 55, 111, 0.04684801
  395, 217, 147, 51, 0.046819568
  226, 236, 77, 60, 0.046814751
  470, 70, 125, 68, 0.046801291
  139, 392, 148, 90, 0.046788488
  662, 156, 103, 135, 0.046725433
  556, 88, 93, 52, 0.04670855
  212, 147, 49, 147, 0.046691217
  308, 478, 55, 104, 0.046687894
  316, 174, 65, 39, 0.046653017
  466, 204, 75, 54, 0.046630859
  438, 90, 78, 78, 0.046602659
  299, 85, 67, 64, 0.046599679
  232, 480, 52, 85, 0.046560418
  662, 150, 129, 45, 0.046556029
  130, 236, 131, 59, 0.046553038
  436, 118, 39, 27, 0.046518046
  684, 328, 81, 124, 0.046517447
  287, 233, 49, 107, 0.046500273
  635, 253, 115, 87, 0.046486866
  225, 249, 115, 45, 0.046416938
  138, 360, 43, 122, 0.046406806
  634, 195, 116, 96, 0.046404172
  166, 253, 95, 67, 0.046329081
  167, 442, 62, 21, 0.046312004
  501, 105, 67, 155, 0.046305567
  185, 85, 155, 91, 0.046284981
  248, 506, 76, 60, 0.046282694
  101, 4, 112, 97, 0.04626305
  262, 398, 128, 77, 0.0462058
  580, 124, 128, 65, 0.046186488
  387, 253, 51, 113, 0.04618511
  434, 51, 45, 134, 0.046177033
  506, 493, 94, 88, 0.046175763
  151, 73, 62, 68, 0.046175305
  518, 90, 78, 83, 0.046161212
  151, 438, 135, 129, 0.04616008
  60, 438, 122, 44, 0.046153113
  166, 36, 43, 48, 0.04614738
  234, 261, 27, 77, 0.046137065
  594, 316, 148, 47, 0.046136159
  247, 86, 108, 81, 0.046134066
  259, 430, 153, 59, 0.046115182
  565, 156, 142, 59, 0.046097163
  375, 186, 65, 105, 0.046082981
  321, 113, 156, 52, 0.04598204
  502, 366, 49, 166, 0.04593692
  639, 250, 153, 49, 0.04588867
  554, 106, 127, 48, 0.045884412
  308, 543, 22, 50, 0.045814648
  701, 205, 59, 160, 0.045795292
  224, 254, 81, 97, 0.045768172
  385, 201, 108, 92, 0.045749508
  187, 168, 169, 49, 0.045728531
  43, 54, 170, 49, 0.045693602
  304, 106, 52, 111, 0.045671228
  669, 109, 27, 69, 0.045651
  216, 223, 98, 43, 0.045641538
  86, 30, 127, 72, 0.045590345
  248, 509, 170, 73, 0.045548089
  226, 255, 104, 72, 0.045547638
  598, 216, 86, 75, 0.04549383
  138, 438, 64, 130, 0.045488074
  259, 412, 153, 63, 0.045389894
  447, 12, 161, 49, 0.045341361
  450, 17, 124, 81, 0.045337211
  454, 489, 92, 92, 0.04532424
  318, 49, 138, 75, 0.045310047
  371, 160, 59, 131, 0.045304693
  173, 69, 56, 87, 0.045283061
  604, 125, 104, 73, 0.045254759
  306, 546, 157, 43, 0.045249801
  463, 109, 79, 151, 0.045224339
  580, 145, 128, 53, 0.045060858
  375, 214, 65, 78, 0.045037273
  173, 62, 88, 226, 0.045033857
  247, 488, 92, 77, 0.045015078
  291, 5, 63, 118, 0.045013394
  448, 20, 87, 96, 0.045000743
  394, 73, 83, 95, 0.044961974
  109, 438, 74, 78, 0.044949997
  310, 134, 52, 84, 0.044936422
  250, 259, 40, 45, 0.044924419
  317, 175, 85, 32, 0.044923391
  356, 381, 97, 90, 0.044904958
  439, 116, 92, 141, 0.044897966
  240, 170, 102, 103, 0.044897679
  616, 331, 126, 68, 0.044864524
  141, 56, 69, 25, 0.04486363
  666, 142, 39, 30, 0.044829529
  438, 206, 104, 51, 0.044828039
  256, 35, 98, 87, 0.044802997
  148, 506, 137, 59, 0.044786323
  185, 113, 176, 74, 0.044765826
  500, 206, 61, 124, 0.04476482
  438, 36, 97, 130, 0.044736668
  461, 223, 81, 113, 0.044721719
  390, 128, 59, 166, 0.044687469
  251, 396, 67, 80, 0.044680338
  375, 488, 170, 49, 0.04467842
  556, 122, 151, 79, 0.044663262
  391, 160, 76, 131, 0.044654883
  250, 261, 54, 33, 0.044653073
  375, 232, 93, 61, 0.044639733
  286, 199, 73, 74, 0.044608254
  647, 139, 113, 51, 0.044487849
  390, 252, 45, 163, 0.044429857
  124, 376, 59, 107, 0.044407103
  172, 57, 146, 51, 0.044406068
  176, 226, 85, 67, 0.044404853
  438, 132, 108, 103, 0.04439874
  633, 221, 127, 71, 0.044307921
  191, 431, 107, 103, 0.044302814
  290, 68, 66, 56, 0.044284265
  391, 253, 65, 113, 0.044267565
  536, 106, 144, 85, 0.044247374
  124, 436, 59, 117, 0.044245943
  166, 96, 74, 79, 0.044230539
  226, 252, 59, 128, 0.044227682
  299, 173, 119, 69, 0.044212651
  500, 148, 63, 110, 0.044208694
  693, 333, 56, 27, 0.044198837
  236, 523, 44, 30, 0.044187859
  307, 518, 101, 65, 0.044185497
  173, 36, 29, 50, 0.044152182
  605, 157, 73, 29, 0.044147216
  173, 34, 157, 68, 0.044146962
  391, 246, 137, 81, 0.044133075
  615, 254, 103, 124, 0.044131201
  201, 408, 97, 81, 0.044117328
  286, 203, 154, 71, 0.04409058
  242, 233, 85, 147, 0.04407585
  178, 254, 86, 97, 0.044028774
  358, 216, 74, 75, 0.043994032
  181, 115, 112, 61, 0.04394972
  404, 128, 74, 83, 0.043924786
  305, 529, 151, 53, 0.043912422
  586, 98, 134, 91, 0.043887906
  250, 316, 59, 159, 0.043885626
  446, 16, 154, 59, 0.043883879
  317, 63, 124, 81, 0.043864045
  659, 119, 51, 97, 0.043841891
  238, 261, 25, 65, 0.043830432
  43, 60, 170, 57, 0.043811746
  665, 265, 42, 34, 0.043788977
  116, 139, 108, 97, 0.043776359
  367, 118, 107, 53, 0.04375682
  499, 208, 170, 70, 0.043748546
  647, 165, 59, 25, 0.043747146
  663, 157, 33, 57, 0.043714661
  130, 438, 54, 37, 0.04371459
  305, 64, 112, 57, 0.043701421
  173, 69, 58, 56, 0.043692216
  130, 438, 51, 162, 0.043662407
  408, 54, 81, 113, 0.04365756
  225, 255, 115, 56, 0.043644141
  500, 201, 108, 81, 0.043620232
  434, 119, 45, 127, 0.043600429
  639, 196, 39, 95, 0.04358945
  185, 201, 142, 73, 0.043588236
  173, 523, 112, 63, 0.043552164
  181, 248, 75, 38, 0.043543298
  185, 138, 83, 92, 0.043520875
  662, 155, 103, 103, 0.043496229
  111, 73, 100, 32, 0.043483388
  487, 366, 57, 166, 0.043476354
  347, 381, 77, 41, 0.043426499
  391, 250, 69, 34, 0.043414794
  185, 86, 170, 73, 0.043403838
  592, 254, 92, 97, 0.043398425
  664, 146, 77, 144, 0.043340258
  385, 132, 92, 81, 0.043333191
  500, 246, 183, 53, 0.043271054
  320, 56, 79, 144, 0.043257691
  665, 266, 57, 31, 0.043224949
  146, 69, 73, 84, 0.043175172
  148, 26, 63, 97, 0.043144874
  388, 2, 98, 61, 0.043142788
  491, 192, 73, 67, 0.043112878
  128, 67, 85, 52, 0.043102592
  261, 362, 129, 113, 0.043081407
  257, 385, 69, 92, 0.043061096
  287, 232, 61, 89, 0.043051329
  592, 169, 113, 124, 0.043043196
  259, 431, 92, 103, 0.042992234
  364, 381, 116, 76, 0.042952057
  508, 488, 176, 49, 0.042895384
  337, 381, 69, 96, 0.042891376
  119, 438, 127, 45, 0.042858969
  438, 123, 151, 77, 0.042858124
  625, 136, 53, 50, 0.042855158
  250, 250, 40, 45, 0.042852476
  325, 255, 89, 35, 0.042820591
  399, 219, 145, 96, 0.042803802
  639, 254, 149, 65, 0.042767577
  356, 186, 74, 105, 0.042743724
  416, 23, 56, 144, 0.042729121
  639, 233, 157, 59, 0.042706762
  244, 233, 116, 68, 0.042658318
  258, 420, 29, 56, 0.042642847
  454, 476, 89, 94, 0.042642821
  173, 12, 113, 91, 0.042614553
  364, 372, 110, 51, 0.042595021
  151, 442, 31, 66, 0.0425587
  696, 270, 88, 97, 0.042482864
  633, 243, 55, 127, 0.042463943
  223, 158, 39, 137, 0.042445607
  228, 448, 55, 128, 0.042431153
  277, 526, 27, 39, 0.042395052
  638, 155, 81, 113, 0.042391725
  226, 145, 129, 118, 0.042347834
  375, 494, 170, 57, 0.042327236
  676, 126, 33, 49, 0.042291708
  166, 61, 85, 61, 0.04227123
  247, 508, 49, 85, 0.042259883
  185, 139, 97, 129, 0.042255975
  226, 254, 137, 68, 0.042221744
  646, 157, 112, 61, 0.042211566
  318, 159, 151, 73, 0.042162493
  137, 391, 45, 104, 0.042141609
  594, 328, 148, 44, 0.042140163
  390, 244, 25, 47, 0.042122208
  324, 23, 164, 73, 0.042088278
  460, 223, 97, 61, 0.042047154
  222, 191, 39, 95, 0.042042185
  586, 274, 156, 89, 0.042040642
  134, 62, 77, 166, 0.042025991
  512, 459, 23, 53, 0.042010348
  386, 224, 125, 81, 0.041985285
  443, 18, 92, 130, 0.041962247
  266, 86, 75, 189, 0.041947786
  111, 68, 100, 32, 0.041929848
  259, 364, 59, 116, 0.041908879
  633, 254, 113, 61, 0.041870549
  438, 477, 108, 81, 0.041848443
  261, 381, 143, 55, 0.041840844
  299, 35, 65, 86, 0.041835345
  553, 81, 127, 57, 0.041832287
  634, 242, 64, 67, 0.041807681
  664, 142, 119, 59, 0.04179633
  632, 147, 78, 87, 0.041791901
  363, 17, 119, 81, 0.041776892
  199, 136, 74, 159, 0.041743755
  666, 136, 49, 36, 0.04173553
  300, 224, 118, 81, 0.041722506
  376, 136, 59, 156, 0.041705333
  639, 209, 61, 100, 0.041677885
  404, 91, 74, 83, 0.041665107
  299, 113, 176, 74, 0.041629046
  635, 159, 77, 201, 0.041554749
  203, 353, 102, 124, 0.041498397
  185, 169, 170, 67, 0.041488349
  556, 61, 148, 77, 0.04146345
  282, 145, 47, 128, 0.041447114
  262, 316, 65, 159, 0.041408338
  333, 181, 30, 30, 0.041371647
  136, 450, 48, 33, 0.041355859
  178, 139, 81, 129, 0.041355401
  445, 106, 30, 39, 0.041316994
  629, 157, 77, 29, 0.041304335
  385, 18, 103, 130, 0.0412241
  317, 110, 130, 108, 0.041220907
  669, 139, 53, 29, 0.041220888
  109, 400, 74, 82, 0.041209344
  364, 376, 116, 59, 0.041195244
  222, 166, 51, 119, 0.041143365
  499, 193, 155, 67, 0.041137844
  353, 253, 77, 101, 0.041079447
  43, 39, 170, 67, 0.041056812
  212, 523, 126, 56, 0.041046895
  257, 432, 180, 49, 0.040953565
  130, 317, 51, 165, 0.040918306
  476, 223, 94, 89, 0.040912066
  566, 253, 116, 84, 0.040853512
  88, 437, 95, 68, 0.040759765
  361, 258, 43, 166, 0.040745046
  211, 506, 73, 60, 0.040729985
  248, 454, 132, 117, 0.040711001
  508, 494, 176, 57, 0.040695895
  508, 473, 176, 57, 0.040695895
  391, 243, 56, 97, 0.040692523
  462, 102, 105, 156, 0.040689763
  146, 1, 94, 100, 0.040632039
  638, 250, 129, 59, 0.040618625
  52, 424, 131, 59, 0.040574919
  343, 253, 89, 61, 0.04053618
  119, 68, 96, 100, 0.040511169
  169, 26, 40, 61, 0.040500689
  296, 511, 73, 70, 0.04048384
  507, 50, 87, 100, 0.04043733
  232, 398, 80, 77, 0.040395632
  223, 242, 74, 87, 0.040348649
  546, 45, 65, 95, 0.040338274
  248, 231, 103, 108, 0.040326223
  391, 264, 63, 73, 0.040325187
  430, 23, 74, 72, 0.040278301
  511, 86, 83, 101, 0.040228087
  641, 149, 38, 34, 0.040219907
  625, 148, 53, 144, 0.040167168
  174, 255, 104, 60, 0.040154524
  499, 158, 101, 99, 0.040130232
  229, 223, 85, 29, 0.040125739
  226, 256, 27, 44, 0.040069249
  391, 195, 56, 114, 0.040060729
  265, 105, 91, 113, 0.040059607
  662, 91, 34, 95, 0.040038109
  517, 229, 30, 30, 0.040030029
  146, 43, 62, 38, 0.040025562
  304, 4, 59, 119, 0.040021274
  549, 254, 135, 61, 0.040004402
  133, 20, 79, 100, 0.03997498
  226, 233, 95, 127, 0.039954964
  201, 254, 81, 108, 0.039923958
  193, 236, 69, 60, 0.039914131
  500, 134, 81, 124, 0.03990297
  362, 381, 49, 151, 0.03990072
  556, 90, 74, 87, 0.039896153
  212, 136, 107, 159, 0.039886389
  472, 432, 86, 103, 0.039884847
  558, 58, 103, 86, 0.039868239
  646, 244, 39, 30, 0.039839499
  262, 356, 93, 119, 0.039821118
  669, 129, 38, 38, 0.039814632
  477, 219, 81, 108, 0.03972894
  557, 121, 30, 34, 0.039689586
  509, 152, 198, 49, 0.039686792
  305, 527, 96, 60, 0.039644297
  512, 410, 92, 124, 0.039625227
  299, 544, 119, 56, 0.039609723
  278, 233, 49, 156, 0.039580118
  446, 112, 39, 33, 0.039558973
  298, 253, 131, 65, 0.039545506
  366, 356, 96, 69, 0.039535742
  88, 40, 124, 81, 0.039478213
  260, 407, 27, 59, 0.039426312
  173, 52, 144, 77, 0.039398048
  109, 438, 81, 108, 0.039396759
  270, 223, 57, 138, 0.039373182
  430, 131, 81, 146, 0.039372154
  189, 169, 71, 116, 0.039355837
  164, 395, 28, 68, 0.039349843
  257, 432, 123, 77, 0.039335627
  386, 255, 124, 72, 0.039302558
  176, 533, 166, 64, 0.03928056
  662, 238, 103, 129, 0.039247774
  201, 445, 86, 124, 0.039234452
  256, 141, 101, 75, 0.039205972
  449, 17, 113, 103, 0.039179258
  201, 169, 113, 118, 0.039178871
  547, 320, 194, 49, 0.039154578
  365, 252, 66, 77, 0.039141234
  119, 516, 166, 49, 0.039125439
  214, 251, 77, 124, 0.03910986
  333, 179, 22, 44, 0.039108153
  626, 331, 124, 88, 0.039054025
  649, 237, 34, 38, 0.039030366
  701, 310, 69, 74, 0.038965758
  172, 26, 43, 144, 0.038917683
  432, 4, 67, 55, 0.038881127
  401, 206, 140, 53, 0.03888081
  101, 250, 164, 49, 0.038875952
  715, 304, 40, 60, 0.038839772
  665, 265, 37, 54, 0.038827572
  305, 479, 92, 102, 0.038786944
  453, 176, 91, 83, 0.038771994
  250, 244, 71, 50, 0.038748998
  408, 133, 103, 130, 0.038714863
  520, 249, 163, 43, 0.038708419
  665, 266, 53, 95, 0.038639907
  120, 337, 63, 147, 0.038636792
  223, 149, 132, 67, 0.03856333
  245, 261, 30, 34, 0.03852424
  390, 251, 63, 149, 0.038510252
  52, 437, 131, 68, 0.038502358
  140, 142, 100, 85, 0.038473397
  288, 233, 53, 156, 0.038443893
  366, 381, 59, 151, 0.03841811
  172, 52, 61, 93, 0.038414158
  397, 17, 92, 103, 0.038393389
  92, 412, 93, 70, 0.03830228
  441, 136, 44, 36, 0.038256068
  292, 57, 65, 147, 0.038235392
  260, 136, 79, 137, 0.038152114
  669, 131, 72, 42, 0.038133699
  6, 438, 178, 57, 0.038133096
  512, 478, 72, 110, 0.038117096
  307, 473, 74, 112, 0.038116947
  456, 57, 144, 81, 0.038108129
  138, 413, 100, 69, 0.0380897
  500, 404, 81, 130, 0.038052116
  249, 244, 181, 105, 0.037960965
  396, 246, 53, 38, 0.037950061
  472, 489, 86, 106, 0.037948832
  520, 254, 163, 49, 0.037934545
  440, 118, 68, 74, 0.037904732
  301, 255, 129, 81, 0.037881374
  285, 413, 69, 168, 0.037876662
  358, 264, 71, 48, 0.037855431
  166, 232, 89, 55, 0.037817188
  229, 439, 55, 113, 0.037789408
  219, 486, 70, 80, 0.037787877
  388, 188, 155, 80, 0.037775554
  346, 133, 134, 68, 0.037770718
  226, 166, 61, 119, 0.037725389
  6, 431, 178, 53, 0.037710775
  286, 233, 96, 74, 0.037695531
  274, 530, 57, 40, 0.037668761
  318, 113, 93, 127, 0.037648767
  268, 430, 27, 65, 0.037626762
  347, 381, 57, 151, 0.037599124
  80, 437, 103, 88, 0.037566122
  140, 46, 73, 101, 0.037565488
  147, 254, 119, 76, 0.037538819
  154, 34, 56, 53, 0.037532069
  620, 110, 87, 100, 0.037510991
  328, 156, 100, 144, 0.037485737
  424, 185, 119, 73, 0.037463821
  664, 133, 32, 61, 0.037443947
  350, 136, 78, 156, 0.037426807
  226, 251, 83, 124, 0.037413683
  329, 254, 102, 97, 0.037360765
  298, 226, 116, 47, 0.037300061
  284, 255, 148, 52, 0.037282299
  116, 255, 146, 72, 0.037282072
  290, 148, 66, 69, 0.037250213
  277, 491, 87, 91, 0.037231233
  558, 86, 124, 103, 0.037201285
  522, 106, 97, 56, 0.037174229
  172, 73, 80, 49, 0.037128016
  364, 356, 64, 67, 0.037098609
  501, 223, 37, 57, 0.03708744
  139, 400, 76, 83, 0.037060894
  119, 522, 166, 57, 0.037029721
  488, 460, 57, 97, 0.037015781
  267, 147, 63, 128, 0.036998495
  288, 231, 113, 108, 0.036907602
  231, 203, 83, 59, 0.036883116
  204, 502, 79, 74, 0.036828589
  496, 226, 39, 33, 0.036828347
  139, 408, 129, 81, 0.036777314
  226, 137, 65, 156, 0.03677484
  666, 126, 48, 48, 0.036740012
  375, 253, 85, 61, 0.036738168
  677, 332, 97, 60, 0.036721177
  247, 353, 81, 124, 0.036695886
  166, 140, 74, 76, 0.036694821
  391, 231, 23, 59, 0.036692891
  655, 73, 41, 113, 0.036679722
  529, 86, 68, 124, 0.03661938
  253, 421, 34, 38, 0.036557306
  185, 88, 97, 102, 0.03655551
  164, 421, 131, 43, 0.036550269
  206, 236, 53, 53, 0.036496095
  52, 395, 131, 87, 0.036459401
  396, 150, 147, 107, 0.036333486
  218, 375, 77, 179, 0.03631242
  196, 61, 65, 38, 0.036290675
  364, 358, 136, 65, 0.036282711
  101, 254, 164, 59, 0.036279008
  221, 523, 61, 29, 0.036213472
  76, 375, 107, 107, 0.036156561
  296, 86, 94, 89, 0.036127038
  271, 86, 100, 56, 0.036071911
  365, 358, 76, 74, 0.036012225
  172, 52, 104, 83, 0.036009986
  313, 524, 27, 59, 0.035993397
  249, 501, 132, 69, 0.035987377
  634, 157, 70, 102, 0.035979025
  139, 340, 65, 143, 0.035923619
  307, 531, 33, 49, 0.035899483
  322, 113, 34, 75, 0.03589135
  179, 61, 38, 110, 0.035885759
  262, 416, 76, 141, 0.035860442
  286, 223, 100, 65, 0.035837505
  429, 23, 127, 61, 0.035825424
  116, 214, 146, 79, 0.035794213
  242, 463, 83, 104, 0.035700552
  549, 50, 55, 104, 0.035699319
  408, 132, 81, 108, 0.035620656
  246, 261, 58, 43, 0.035612218
  158, 244, 97, 46, 0.035603724
  391, 264, 89, 72, 0.035603691
  376, 216, 38, 48, 0.035573881
  386, 216, 38, 48, 0.035573881
  396, 216, 38, 48, 0.035573881
  176, 148, 44, 33, 0.035570867
  432, 22, 67, 58, 0.035538752
  139, 442, 149, 41, 0.035492584
  214, 508, 74, 91, 0.03547781
  358, 343, 52, 80, 0.03541813
  438, 109, 129, 81, 0.03539231
  399, 201, 145, 86, 0.035364747
  491, 467, 104, 63, 0.035356458
  391, 253, 32, 69, 0.035354234
  469, 451, 75, 117, 0.035301231
  136, 48, 75, 35, 0.035272848
  249, 261, 38, 34, 0.035251193
  532, 215, 152, 75, 0.035238393
  106, 436, 77, 164, 0.035202883
  416, 85, 59, 100, 0.035200723
  36, 438, 147, 87, 0.035141088
  647, 248, 50, 27, 0.035114203
  664, 142, 72, 74, 0.035091832
  527, 254, 157, 76, 0.035062142
  362, 169, 81, 124, 0.035061091
  244, 256, 24, 39, 0.035036966
  160, 215, 104, 79, 0.035018951
  166, 442, 69, 33, 0.035010073
  394, 212, 19, 59, 0.035008173
  463, 136, 79, 113, 0.034967802
  634, 251, 36, 44, 0.03496686
  271, 114, 55, 162, 0.034962986
  139, 375, 129, 107, 0.034939624
  517, 226, 27, 39, 0.034933168
  195, 480, 92, 87, 0.034920752
  259, 408, 124, 81, 0.034903739
  484, 86, 113, 81, 0.034877229
  414, 128, 67, 176, 0.034861121
  247, 448, 49, 106, 0.034836449
  243, 87, 87, 188, 0.034803126
  100, 377, 83, 108, 0.034761768
  482, 246, 202, 73, 0.034727398
  439, 128, 73, 176, 0.034718931
  28, 412, 155, 70, 0.034682363
  496, 41, 108, 103, 0.034656163
  206, 255, 124, 94, 0.034649353
  166, 253, 93, 49, 0.034601413
  248, 448, 87, 105, 0.034598276
  386, 254, 103, 129, 0.034592789
  385, 247, 108, 92, 0.03457031
  236, 382, 94, 93, 0.034507893
  649, 101, 29, 85, 0.034492429
  259, 393, 29, 81, 0.03445277
  173, 69, 101, 53, 0.034427971
  216, 32, 144, 90, 0.034422223
  249, 502, 31, 51, 0.034400959
  226, 261, 48, 43, 0.034390796
  349, 239, 65, 25, 0.034368053
  176, 195, 87, 100, 0.034319516
  667, 165, 50, 25, 0.034312934
  439, 140, 44, 25, 0.03429598
  395, 104, 100, 61, 0.034288924
  527, 106, 183, 74, 0.034287691
  526, 194, 156, 97, 0.034269262
  307, 197, 124, 108, 0.034259107
  138, 295, 63, 189, 0.034172364
  138, 366, 89, 117, 0.034124013
  109, 438, 183, 77, 0.034092866
  673, 121, 30, 53, 0.034065932
  172, 19, 47, 62, 0.034050968
  443, 101, 24, 44, 0.033998471
  172, 242, 91, 65, 0.033996813
  277, 473, 97, 108, 0.033994619
  635, 263, 47, 104, 0.033944119
  263, 376, 37, 100, 0.03394096
  443, 455, 127, 75, 0.033903319
  199, 46, 50, 53, 0.033889696
  663, 112, 33, 60, 0.033869892
  155, 139, 81, 129, 0.033812128
  116, 437, 94, 100, 0.033810288
  333, 178, 31, 42, 0.033789445
  398, 118, 77, 110, 0.033788692
  381, 253, 34, 38, 0.033780783
  233, 379, 175, 63, 0.033757988
  316, 380, 92, 96, 0.033725638
  599, 132, 108, 81, 0.0337101
  367, 235, 140, 57, 0.033706471
  461, 16, 44, 27, 0.033690192
  224, 445, 113, 134, 0.033641487
  416, 23, 94, 100, 0.033631399
  158, 9, 56, 90, 0.033624798
  315, 253, 102, 49, 0.033616811
  321, 248, 95, 38, 0.033603888
  104, 353, 86, 129, 0.033570815
  576, 151, 119, 35, 0.033532862
  559, 121, 30, 44, 0.03352594
  701, 244, 77, 136, 0.033511888
  241, 260, 80, 35, 0.033431169
  590, 322, 152, 81, 0.033428881
  211, 404, 77, 165, 0.033367984
  663, 118, 33, 69, 0.03335534
  715, 271, 33, 95, 0.033352338
  666, 310, 75, 74, 0.033349708
  436, 106, 38, 43, 0.03333085
  669, 116, 70, 59, 0.033321053
  461, 136, 44, 27, 0.03327129
  235, 259, 57, 35, 0.033256337
  301, 174, 57, 33, 0.033252399
  319, 165, 32, 61, 0.033217777
  300, 176, 41, 98, 0.033204522
  86, 328, 97, 155, 0.033169977
  199, 56, 48, 55, 0.033155024
  669, 67, 45, 122, 0.033140723
  516, 6, 81, 144, 0.033085652
  276, 526, 43, 53, 0.033044908
  441, 100, 35, 48, 0.03303501
  362, 254, 81, 129, 0.033015966
  277, 517, 24, 50, 0.033009574
  169, 73, 36, 57, 0.032964513
  299, 121, 65, 95, 0.032918446
  682, 311, 33, 49, 0.032904562
  514, 445, 29, 85, 0.032883435
  256, 546, 115, 52, 0.03288234
  649, 226, 33, 51, 0.032877404
  398, 133, 97, 61, 0.032845419
  446, 118, 50, 27, 0.032812737
  271, 171, 70, 80, 0.03277773
  334, 264, 95, 69, 0.032774922
  317, 107, 43, 140, 0.032701347
  196, 236, 65, 124, 0.03268142
  284, 166, 43, 85, 0.032669723
  250, 259, 42, 65, 0.03263174
  88, 436, 95, 137, 0.032624204
  132, 73, 92, 49, 0.032623295
  315, 232, 102, 58, 0.032611154
  389, 246, 137, 41, 0.032584518
  639, 238, 73, 101, 0.032561418
  646, 115, 50, 68, 0.03252029
  332, 181, 47, 23, 0.032519061
  130, 436, 34, 48, 0.032516193
  134, 33, 77, 138, 0.032505449
  75, 73, 140, 56, 0.032428186
  517, 229, 44, 24, 0.032424301
  522, 478, 21, 53, 0.032407571
  501, 226, 61, 32, 0.032373909
  623, 288, 137, 77, 0.032285072
  317, 173, 25, 50, 0.032216363
  246, 522, 75, 33, 0.032164857
  226, 181, 80, 123, 0.032162428
  253, 345, 152, 78, 0.032162149
  641, 156, 138, 76, 0.032158226
  394, 206, 34, 58, 0.0321512
  385, 206, 34, 58, 0.0321512
  676, 109, 31, 73, 0.032148391
  489, 494, 138, 77, 0.032126904
  196, 52, 69, 122, 0.032126516
  521, 494, 90, 33, 0.032109059
  222, 214, 92, 39, 0.032087438
  439, 49, 43, 115, 0.032061856
  65, 431, 118, 103, 0.031999487
  195, 508, 92, 73, 0.031986713
  339, 248, 75, 42, 0.031979706
  195, 214, 74, 82, 0.031932477
  676, 142, 31, 45, 0.031880282
  233, 362, 175, 63, 0.031868741
  543, 105, 50, 25, 0.031815313
  293, 13, 81, 108, 0.031810261
  109, 236, 151, 49, 0.031748906
  641, 117, 147, 73, 0.031740177
  264, 56, 92, 144, 0.031665992
  310, 565, 24, 31, 0.031639971
  243, 63, 113, 81, 0.031547632
  390, 236, 93, 124, 0.031512067
  236, 431, 94, 104, 0.031460557
  339, 231, 75, 56, 0.031447284
  596, 262, 119, 109, 0.031425554
  320, 264, 110, 49, 0.031421751
  621, 263, 61, 27, 0.031379726
  178, 26, 30, 54, 0.031370878
  365, 320, 96, 103, 0.031347945
  311, 509, 28, 73, 0.031339861
  671, 296, 44, 65, 0.031312499
  439, 109, 73, 157, 0.031282637
  261, 162, 78, 91, 0.03125358
  150, 115, 97, 61, 0.031248476
  146, 26, 63, 56, 0.031225862
  238, 519, 45, 37, 0.031172205
  649, 241, 51, 35, 0.031168476
  173, 141, 30, 30, 0.031157391
  646, 331, 72, 34, 0.031139588
  664, 110, 105, 100, 0.031139292
  199, 34, 44, 65, 0.031105151
  150, 38, 117, 63, 0.031093007
  512, 445, 25, 69, 0.031051125
  459, 19, 53, 23, 0.030995812
  236, 261, 35, 80, 0.030968843
  358, 253, 57, 37, 0.030880149
  276, 525, 27, 53, 0.03080905
  664, 133, 60, 41, 0.030803081
  324, 242, 91, 65, 0.030753901
  276, 526, 38, 43, 0.03074844
  201, 69, 42, 30, 0.030669948
  322, 148, 42, 37, 0.030617088
  416, 133, 124, 96, 0.030567
  248, 401, 40, 65, 0.030559963
  151, 436, 30, 54, 0.030532693
  677, 302, 97, 61, 0.030495014
  461, 5, 30, 34, 0.030467972
  236, 398, 61, 137, 0.030446999
  235, 406, 59, 59, 0.030362384
  277, 514, 31, 51, 0.030335434
  426, 23, 49, 125, 0.030325556
  130, 367, 52, 93, 0.030306207
  313, 565, 27, 31, 0.030284978
  166, 73, 85, 61, 0.030284029
  355, 244, 59, 23, 0.0302839
  250, 261, 32, 61, 0.030255903
  658, 115, 50, 59, 0.030197319
  661, 132, 108, 81, 0.030140266
  394, 254, 50, 23, 0.03014004
  365, 356, 96, 94, 0.030119659
  271, 60, 100, 61, 0.030079236
  150, 141, 97, 56, 0.030046994
  385, 201, 29, 85, 0.030033918
  141, 405, 155, 61, 0.030018006
  173, 40, 113, 113, 0.029979903
  246, 416, 43, 43, 0.029941447
  226, 229, 95, 37, 0.029935606
  375, 252, 83, 92, 0.029908868
  641, 157, 54, 33, 0.029874576
  256, 176, 71, 128, 0.02986143
  261, 86, 119, 80, 0.029856887
  522, 71, 71, 119, 0.029830055
  321, 61, 34, 34, 0.029808355
  362, 339, 113, 86, 0.029802857
  364, 321, 136, 102, 0.029780893
  461, 5, 38, 38, 0.029780377
  413, 133, 34, 34, 0.029756134
  307, 247, 124, 108, 0.029732993
  366, 336, 61, 97, 0.029640192
  151, 430, 140, 35, 0.029639868
  637, 127, 59, 56, 0.029619757
  325, 179, 54, 37, 0.029563392
  161, 33, 55, 48, 0.029531267
  516, 226, 38, 38, 0.029509127
  508, 466, 27, 49, 0.029507296
  533, 493, 42, 34, 0.029499242
  226, 209, 56, 100, 0.029483546
  565, 121, 27, 44, 0.029478999
  567, 121, 21, 50, 0.029478999
  310, 148, 45, 37, 0.029476155
  244, 261, 24, 44, 0.029473856
  646, 322, 72, 38, 0.029456597
  591, 144, 105, 42, 0.02941451
  463, 135, 45, 33, 0.029410088
  154, 14, 55, 75, 0.029389985
  293, 85, 38, 34, 0.029379381
  250, 223, 44, 71, 0.029343013
  426, 140, 47, 25, 0.029341953
  275, 506, 48, 72, 0.029321464
  245, 261, 23, 65, 0.02931386
  252, 166, 89, 52, 0.029279932
  501, 228, 80, 37, 0.029264871
  195, 61, 76, 49, 0.029173607
  331, 181, 30, 44, 0.029157281
  667, 118, 56, 56, 0.029155409
  631, 163, 75, 44, 0.02909852
  122, 43, 86, 43, 0.029088624
  394, 205, 23, 65, 0.0290832
  330, 242, 100, 83, 0.029054964
  191, 217, 135, 49, 0.028994557
  559, 120, 144, 63, 0.028964508
  676, 305, 63, 97, 0.028957495
  277, 516, 43, 69, 0.02894523
  394, 216, 24, 49, 0.028918352
  166, 153, 56, 24, 0.028854782
  336, 381, 97, 56, 0.028850155
  236, 237, 25, 57, 0.028839439
  136, 42, 75, 56, 0.028825337
  506, 448, 34, 66, 0.028819745
  199, 61, 48, 65, 0.02881526
  674, 109, 42, 65, 0.028799834
  197, 144, 135, 124, 0.028794046
  335, 292, 73, 131, 0.028708434
  349, 249, 65, 21, 0.028673196
  244, 175, 98, 45, 0.028663523
  320, 339, 86, 86, 0.028622266
  237, 132, 118, 103, 0.028540537
  185, 69, 100, 141, 0.028503349
  400, 238, 40, 45, 0.028501412
  366, 251, 48, 43, 0.028500061
  138, 66, 67, 125, 0.028477309
  637, 91, 41, 95, 0.028460735
  236, 261, 48, 48, 0.028453752
  381, 235, 53, 29, 0.028341606
  250, 371, 39, 105, 0.028318072
  151, 224, 113, 81, 0.028313028
  463, 130, 37, 42, 0.028286213
  166, 142, 39, 27, 0.02828251
  401, 256, 65, 29, 0.028229224
  141, 73, 49, 27, 0.028200177
  489, 455, 138, 75, 0.028191218
  199, 63, 49, 110, 0.028183265
  288, 175, 53, 134, 0.028157827
  181, 167, 162, 98, 0.028147077
  202, 76, 47, 22, 0.028138267
  408, 132, 64, 152, 0.02812675
  380, 214, 33, 57, 0.028097382
  389, 205, 25, 65, 0.028097382
  147, 102, 119, 73, 0.028076772
  225, 220, 101, 49, 0.028074235
  688, 297, 27, 65, 0.028070712
  366, 211, 48, 75, 0.028052647
  399, 109, 75, 156, 0.028016398
  654, 331, 61, 77, 0.028000781
  324, 252, 91, 74, 0.027984368
  393, 235, 57, 29, 0.027981117
  715, 223, 59, 142, 0.027977049
  236, 259, 37, 57, 0.027955251
  301, 226, 102, 64, 0.027823685
  196, 140, 24, 44, 0.027819727
  311, 111, 53, 76, 0.027817011
  293, 89, 34, 34, 0.027809909
  620, 82, 76, 101, 0.027786341
  454, 4, 57, 37, 0.027769139
  196, 41, 63, 60, 0.027743131
  257, 371, 39, 100, 0.027720869
  465, 133, 34, 30, 0.027680801
  385, 176, 41, 107, 0.027641032
  586, 236, 96, 141, 0.027623639
  118, 73, 82, 44, 0.027612299
  381, 229, 34, 38, 0.02758183
  172, 43, 48, 37, 0.027526064
  442, 112, 54, 35, 0.027524969
  369, 109, 108, 81, 0.027500529
  356, 255, 94, 100, 0.027423484
  296, 24, 94, 98, 0.027401462
  436, 101, 27, 44, 0.027399043
  641, 318, 74, 65, 0.02739428
  439, 125, 29, 53, 0.027370483
  333, 181, 53, 29, 0.027327178
  396, 214, 31, 54, 0.02731077
  389, 214, 31, 54, 0.02731077
  139, 452, 72, 41, 0.027304025
  367, 255, 127, 60, 0.027282702
  244, 261, 33, 44, 0.027279396
  149, 73, 38, 34, 0.027261173
  502, 231, 77, 26, 0.027188212
  558, 121, 37, 51, 0.027176157
  715, 328, 59, 146, 0.027158245
  138, 452, 86, 48, 0.027148891
  337, 380, 175, 80, 0.027140357
  669, 145, 69, 29, 0.027102428
  603, 254, 119, 80, 0.027096344
  147, 142, 119, 80, 0.027088908
  376, 191, 39, 95, 0.027082443
  232, 421, 63, 38, 0.027063474
  520, 493, 93, 49, 0.027058618
  196, 61, 37, 110, 0.027032375
  536, 42, 137, 96, 0.027005661
  372, 169, 43, 119, 0.026965288
  517, 225, 24, 53, 0.026959825
  517, 231, 33, 44, 0.02689584
  365, 261, 34, 30, 0.026873615
  271, 171, 85, 37, 0.026805511
  185, 254, 119, 80, 0.026764227
  256, 509, 29, 57, 0.026742537
  137, 454, 57, 29, 0.026717996
  511, 229, 57, 29, 0.026714625
  401, 23, 65, 36, 0.026667561
  371, 232, 44, 33, 0.026665634
  529, 494, 57, 33, 0.026653275
  199, 17, 32, 81, 0.026610766
  490, 457, 47, 56, 0.026598604
  272, 433, 48, 149, 0.026582032
  682, 326, 27, 39, 0.026567983
  533, 105, 34, 34, 0.026557241
  331, 178, 44, 30, 0.026530541
  196, 61, 63, 63, 0.026526539
  301, 258, 128, 43, 0.026513699
  641, 331, 76, 43, 0.026512375
  656, 308, 63, 56, 0.026512375
  371, 130, 93, 40, 0.026484357
  244, 259, 84, 49, 0.026473798
  256, 176, 85, 35, 0.026457936
  196, 46, 39, 33, 0.026443293
  512, 460, 56, 97, 0.026438054
  190, 256, 51, 31, 0.026431214
  637, 273, 78, 91, 0.026420873
  148, 442, 58, 94, 0.026387168
  202, 207, 125, 61, 0.026300227
  137, 445, 34, 38, 0.026288778
  358, 232, 57, 37, 0.026285008
  139, 448, 152, 44, 0.026257774
  322, 61, 42, 33, 0.026257528
  403, 4, 65, 56, 0.026232336
  412, 126, 36, 39, 0.026211526
  202, 212, 59, 97, 0.02617185
  134, 74, 53, 23, 0.026163489
  520, 478, 93, 49, 0.02612013
  444, 136, 110, 46, 0.026060781
  331, 251, 87, 156, 0.026051171
  460, 4, 25, 56, 0.026023803
  187, 430, 101, 46, 0.026013864
  296, 112, 137, 104, 0.026002342
  608, 151, 72, 38, 0.025940647
  166, 436, 54, 27, 0.025937477
  305, 226, 80, 49, 0.025935739
  667, 311, 48, 55, 0.025932293
  343, 178, 75, 113, 0.025928652
  166, 148, 39, 30, 0.025915172
  151, 442, 65, 52, 0.025902752
  701, 299, 80, 119, 0.025865031
  386, 256, 65, 56, 0.025857482
  631, 332, 90, 31, 0.025852337
  152, 436, 29, 95, 0.02584184
  173, 54, 53, 27, 0.02583118
  153, 153, 50, 21, 0.025825653
  137, 391, 33, 95, 0.025821241
  366, 337, 80, 119, 0.025819426
  151, 442, 57, 40, 0.025818866
  241, 394, 46, 75, 0.025759727
  118, 68, 85, 40, 0.025707839
  152, 70, 33, 42, 0.025669184
  700, 331, 30, 44, 0.025663227
  129, 438, 47, 125, 0.025646683
  346, 211, 70, 73, 0.025642427
  230, 139, 99, 126, 0.025634548
  232, 428, 63, 37, 0.025613053
  321, 113, 34, 34, 0.025601199
  249, 504, 132, 51, 0.025600582
  603, 217, 119, 75, 0.025589233
  531, 491, 48, 43, 0.025578463
  646, 73, 39, 113, 0.025568115
  646, 214, 36, 65, 0.025535902
  330, 236, 98, 141, 0.025528252
  234, 260, 187, 48, 0.025477728
  394, 172, 33, 110, 0.025475644
  426, 112, 49, 33, 0.025474487
  292, 86, 51, 131, 0.025471384
  141, 152, 77, 25, 0.025462301
  125, 351, 47, 131, 0.025457973
  345, 246, 69, 27, 0.0254506
  277, 525, 29, 63, 0.025422685
  254, 543, 19, 44, 0.025404099
  250, 546, 24, 39, 0.025404099
  296, 111, 60, 76, 0.025399026
  319, 111, 60, 76, 0.025399026
  463, 136, 37, 48, 0.02531033
  439, 86, 36, 62, 0.025284601
  326, 94, 54, 27, 0.025250889
  166, 16, 67, 64, 0.025243318
  196, 115, 24, 59, 0.025232017
  310, 61, 45, 33, 0.025227893
  649, 326, 70, 53, 0.025219232
  463, 118, 37, 45, 0.025178513
  199, 59, 50, 21, 0.025162347
  137, 139, 85, 30, 0.025139328
  153, 149, 50, 19, 0.025116937
  226, 448, 49, 24, 0.025105789
  366, 238, 49, 30, 0.025098845
  358, 191, 58, 97, 0.025094889
  226, 223, 80, 119, 0.025064059
  514, 466, 24, 49, 0.024971101
  646, 226, 48, 53, 0.024968283
  585, 105, 34, 34, 0.024960106
  316, 179, 95, 37, 0.024956912
  314, 233, 100, 97, 0.024947664
  477, 480, 57, 33, 0.024929615
  153, 453, 34, 46, 0.024903491
  443, 106, 58, 40, 0.024893299
  432, 71, 36, 95, 0.024876686
  263, 385, 108, 91, 0.024865042
  91, 442, 65, 47, 0.024835989
  232, 430, 59, 26, 0.024830172
  216, 232, 39, 33, 0.024797007
  563, 69, 31, 69, 0.02476703
  63, 42, 150, 56, 0.024759226
  669, 248, 46, 113, 0.024753271
  245, 545, 30, 34, 0.024738809
  662, 157, 23, 56, 0.024711486
  527, 63, 119, 75, 0.024706738
  178, 68, 117, 104, 0.024697753
  317, 169, 140, 38, 0.02468618
  166, 430, 44, 33, 0.024674654
  441, 494, 95, 33, 0.024669962
  160, 72, 25, 53, 0.024662621
  196, 14, 49, 85, 0.024650993
  585, 254, 69, 32, 0.024641721
  235, 261, 55, 76, 0.024628051
  461, 27, 85, 35, 0.024615014
  648, 209, 27, 73, 0.024556121
  665, 165, 42, 38, 0.024550144
  664, 267, 53, 21, 0.024541756
  365, 253, 34, 34, 0.024537634
  229, 168, 100, 95, 0.024529021
  173, 33, 58, 48, 0.024509372
  533, 478, 37, 51, 0.024506629
  286, 88, 44, 30, 0.024497138
  301, 197, 100, 95, 0.024479413
  666, 326, 48, 38, 0.024466567
  137, 454, 85, 32, 0.024459533
  696, 160, 39, 36, 0.024383185
  195, 52, 74, 65, 0.024381874
  431, 94, 37, 51, 0.024380244
  146, 454, 49, 36, 0.024364922
  645, 141, 38, 42, 0.024286058
  673, 333, 38, 30, 0.024258569
  371, 133, 93, 49, 0.024247013
  228, 214, 31, 54, 0.024189003
  702, 345, 30, 57, 0.024179557
  63, 417, 119, 43, 0.024148755
  333, 174, 24, 62, 0.024145525
  256, 546, 24, 39, 0.024141664
  199, 63, 50, 24, 0.024124755
  586, 106, 30, 39, 0.024120249
  406, 131, 43, 43, 0.024117531
  379, 208, 37, 78, 0.024079878
  42, 431, 129, 81, 0.024078023
  245, 259, 76, 67, 0.024047852
  649, 211, 40, 75, 0.024000309
  596, 155, 90, 33, 0.023994543
  641, 123, 69, 50, 0.023974933
  639, 232, 72, 46, 0.023969429
  446, 86, 36, 62, 0.023881024
  127, 400, 37, 57, 0.023864122
  496, 466, 38, 48, 0.023778224
  291, 178, 38, 60, 0.0237775
  195, 22, 63, 77, 0.023753161
  177, 5, 33, 77, 0.02371257
  461, 126, 48, 38, 0.023701796
  106, 329, 63, 155, 0.02370058
  502, 471, 33, 44, 0.0236977
  198, 4, 39, 95, 0.023660261
  142, 12, 74, 69, 0.023654018
  172, 26, 93, 130, 0.023633566
  512, 495, 25, 65, 0.023608502
  698, 331, 35, 115, 0.023603816
  511, 436, 34, 78, 0.023516085
  665, 299, 75, 119, 0.023514852
  225, 273, 34, 34, 0.023507258
  315, 173, 27, 89, 0.023475751
  394, 131, 57, 33, 0.023457356
  260, 174, 69, 87, 0.023424409
  216, 425, 80, 39, 0.023416093
  88, 403, 83, 80, 0.023401255
  181, 91, 39, 66, 0.023396336
  631, 242, 90, 33, 0.023389317
  196, 36, 33, 44, 0.023374494
  201, 71, 43, 43, 0.023368184
  320, 46, 33, 48, 0.023359654
  469, 486, 65, 27, 0.023351112
  319, 102, 101, 108, 0.023333149
  136, 74, 54, 31, 0.023317421
  146, 71, 43, 43, 0.023317421
  172, 31, 77, 49, 0.023306761
  147, 31, 77, 49, 0.023306761
  462, 26, 37, 137, 0.023289075
  199, 51, 33, 49, 0.023249215
  298, 176, 44, 68, 0.02324369
  682, 331, 27, 44, 0.023226377
  682, 316, 27, 44, 0.023226377
  159, 399, 183, 75, 0.023220683
  261, 82, 80, 40, 0.023174979
  382, 226, 33, 54, 0.023169484
  431, 96, 55, 50, 0.023128383
  298, 200, 116, 71, 0.023122646
  42, 408, 129, 81, 0.023105232
  701, 332, 24, 47, 0.023094932
  229, 203, 193, 81, 0.023077041
  138, 388, 44, 71, 0.023055073
  253, 545, 30, 34, 0.023053348
  517, 226, 61, 29, 0.023043137
  632, 226, 85, 49, 0.023035398
  89, 452, 69, 32, 0.023024512
  622, 157, 56, 62, 0.023021435
  136, 452, 105, 36, 0.023018809
  424, 127, 22, 44, 0.022980735
  84, 428, 87, 56, 0.022909081
  666, 331, 48, 43, 0.022853723
  356, 262, 44, 27, 0.022836659
  201, 69, 57, 35, 0.022832032
  521, 488, 85, 35, 0.022809772
  516, 226, 36, 54, 0.022808233
  319, 180, 47, 27, 0.022787446
  284, 362, 124, 108, 0.022781091
  361, 379, 44, 33, 0.022771303
  634, 214, 53, 65, 0.022764731
  118, 27, 92, 61, 0.022711663
  613, 331, 119, 33, 0.022690983
  208, 246, 27, 39, 0.022686081
  177, 85, 40, 66, 0.02267861
  444, 130, 110, 40, 0.022654299
  195, 58, 89, 122, 0.022643141
  348, 264, 53, 23, 0.022624144
  394, 226, 33, 54, 0.022618661
  310, 113, 42, 33, 0.022551535
  322, 113, 42, 33, 0.022551535
  322, 111, 30, 44, 0.022551535
  72, 418, 98, 64, 0.022549639
  226, 447, 51, 36, 0.022526853
  502, 436, 35, 80, 0.022511363
  622, 267, 65, 91, 0.022509979
  647, 181, 37, 110, 0.022506544
  196, 53, 48, 31, 0.022481265
  196, 26, 24, 54, 0.022481265
  667, 331, 48, 65, 0.022477347
  396, 188, 44, 95, 0.022476131
  649, 331, 70, 63, 0.022408396
  244, 261, 35, 80, 0.022380758
  277, 496, 29, 70, 0.022374123
  166, 428, 57, 37, 0.02233259
  149, 69, 38, 30, 0.022312822
  489, 223, 41, 128, 0.022288203
  647, 121, 77, 51, 0.02224757
  116, 416, 48, 43, 0.022244412
  186, 169, 39, 27, 0.022222979
  269, 226, 51, 101, 0.02219981
  471, 34, 44, 24, 0.022191945
  321, 95, 73, 27, 0.022173693
  52, 381, 131, 89, 0.022170996
  493, 477, 42, 38, 0.022155091
  332, 181, 32, 61, 0.022138502
  319, 96, 83, 104, 0.022135073
  231, 546, 44, 24, 0.022117091
  396, 219, 25, 62, 0.022084471
  635, 229, 101, 51, 0.022015113
  152, 73, 33, 51, 0.022005884
  271, 432, 100, 39, 0.021997046
  586, 96, 30, 44, 0.02198681
  195, 62, 74, 74, 0.021952961
  165, 45, 38, 34, 0.021949494
  393, 23, 77, 31, 0.021948906
  188, 101, 61, 115, 0.021948773
  603, 142, 76, 46, 0.021898562
  149, 436, 37, 119, 0.02188638
  401, 23, 66, 56, 0.021871859
  416, 96, 58, 50, 0.021855444
  10, 442, 174, 68, 0.021849276
  152, 453, 31, 61, 0.021822575
  143, 453, 61, 46, 0.021810122
  511, 226, 62, 41, 0.021771794
  161, 436, 77, 29, 0.021693224
  118, 436, 46, 85, 0.021689845
  517, 225, 29, 65, 0.021689797
  221, 415, 75, 44, 0.021672705
  172, 16, 80, 67, 0.021663856
  346, 264, 57, 29, 0.021663636
  253, 453, 31, 85, 0.021655371
  189, 165, 30, 42, 0.021618322
  364, 256, 36, 39, 0.021614665
  308, 524, 25, 56, 0.021614419
  556, 121, 34, 65, 0.021594023
  372, 254, 43, 113, 0.021568893
  181, 517, 100, 35, 0.021503938
  229, 234, 85, 31, 0.021493016
  466, 30, 65, 38, 0.021434391
  184, 257, 57, 37, 0.021432376
  222, 256, 36, 95, 0.021421285
  106, 438, 67, 98, 0.021395411
  613, 322, 119, 39, 0.021394556
  461, 136, 69, 26, 0.021380847
  603, 157, 76, 49, 0.021370903
  677, 322, 33, 42, 0.021368843
  529, 478, 53, 50, 0.021358676
  514, 436, 40, 78, 0.021332076
  51, 447, 119, 43, 0.021287763
  76, 447, 80, 36, 0.02126207
  449, 12, 73, 27, 0.021257833
  196, 46, 61, 110, 0.021228749
  496, 478, 39, 30, 0.021174885
  309, 116, 44, 21, 0.021065805
  322, 116, 44, 21, 0.021065805
  326, 115, 39, 27, 0.021065805
  316, 115, 39, 27, 0.021065805
  703, 305, 45, 37, 0.021026744
  694, 305, 45, 37, 0.021026744
  280, 82, 50, 41, 0.021022178
  146, 451, 48, 53, 0.021014554
  322, 46, 41, 47, 0.020958187
  706, 296, 33, 44, 0.020931704
  261, 70, 80, 49, 0.020914402
  61, 443, 95, 39, 0.020912299
  463, 473, 71, 40, 0.020847658
  171, 523, 110, 35, 0.020821035
  526, 106, 43, 38, 0.020811882
  637, 157, 59, 65, 0.020792665
  452, 24, 73, 141, 0.020785937
  701, 303, 21, 59, 0.020773612
  394, 209, 32, 73, 0.020729793
  635, 226, 40, 51, 0.020721365
  451, 480, 85, 33, 0.020699821
  430, 79, 44, 69, 0.020695135
  266, 176, 73, 63, 0.02067744
  226, 271, 27, 44, 0.020644421
  694, 158, 54, 30, 0.02064207
  287, 232, 65, 21, 0.020597083
  171, 446, 115, 29, 0.020567656
  559, 82, 45, 33, 0.020539917
  557, 77, 38, 38, 0.020539917
  221, 427, 73, 29, 0.020493628
  393, 225, 34, 42, 0.020493042
  179, 170, 44, 23, 0.020465849
  331, 548, 45, 33, 0.0204603
  559, 121, 40, 65, 0.02043552
  216, 216, 43, 53, 0.020433608
  286, 176, 43, 38, 0.02041775
  682, 331, 33, 54, 0.020395897
  125, 70, 65, 29, 0.020343127
  136, 70, 53, 41, 0.020343125
  166, 474, 119, 79, 0.020327238
  622, 312, 107, 51, 0.020319296
  166, 438, 69, 31, 0.020313356
  167, 401, 36, 62, 0.020313356
  154, 144, 51, 31, 0.020308718
  253, 486, 30, 49, 0.020297037
  189, 170, 47, 23, 0.020291254
  338, 253, 77, 101, 0.020284813
  729, 333, 42, 30, 0.020270891
  286, 76, 43, 43, 0.020255549
  321, 68, 65, 25, 0.02024778
  571, 250, 85, 36, 0.020213302
  127, 352, 86, 113, 0.020205438
  424, 114, 22, 50, 0.020168845
  451, 12, 90, 29, 0.020164346
  529, 493, 56, 50, 0.020161172
  532, 491, 44, 55, 0.020146152
  406, 256, 49, 27, 0.020144548
  550, 82, 42, 33, 0.020143751
  510, 226, 172, 58, 0.020142563
  166, 433, 50, 27, 0.020137321
  187, 153, 43, 89, 0.020117333
  687, 160, 76, 34, 0.020098126
  463, 136, 35, 65, 0.020085266
  324, 112, 33, 48, 0.020062668
  700, 346, 38, 65, 0.020011395
  441, 488, 95, 35, 0.020001035
  522, 431, 29, 85, 0.019991199
  626, 156, 43, 38, 0.019989623
  397, 118, 53, 47, 0.019960158
  229, 229, 30, 34, 0.019956807
  405, 245, 38, 38, 0.019953132
  521, 480, 85, 33, 0.019948857
  490, 474, 51, 34, 0.019920172
  413, 49, 65, 113, 0.019917363
  470, 454, 71, 58, 0.019901013
  204, 447, 83, 87, 0.019893747
  237, 245, 85, 25, 0.019863876
  466, 25, 65, 34, 0.019858256
  178, 153, 43, 89, 0.019844329
  622, 121, 86, 51, 0.019839467
  383, 201, 39, 85, 0.019832961
  202, 256, 33, 39, 0.019832725
  226, 211, 41, 56, 0.019798396
  33, 397, 151, 73, 0.01977244
  199, 26, 49, 97, 0.019765411
  646, 100, 74, 75, 0.019749805
  185, 117, 34, 34, 0.019744882
  655, 99, 42, 89, 0.01967776
  250, 201, 36, 95, 0.019588208
  211, 145, 44, 30, 0.019584339
  310, 46, 44, 47, 0.019576617
  138, 451, 48, 65, 0.019575475
  199, 36, 33, 59, 0.019570552
  393, 191, 33, 80, 0.019568739
  686, 159, 85, 29, 0.019562196
  322, 111, 86, 79, 0.019541042
  261, 147, 78, 91, 0.019507905
  154, 138, 51, 33, 0.019501459
  187, 439, 97, 43, 0.019493699
  98, 401, 73, 59, 0.019413166
  199, 67, 62, 46, 0.019404056
  139, 357, 97, 113, 0.019400559
  265, 187, 53, 65, 0.019391008
  247, 474, 128, 80, 0.019375136
  424, 131, 22, 53, 0.019356741
  346, 257, 57, 30, 0.019350514
  236, 259, 55, 125, 0.019346334
  526, 96, 43, 43, 0.019343158
  465, 33, 65, 29, 0.019339589
  443, 86, 56, 60, 0.019330122
  131, 451, 39, 116, 0.01932125
  676, 142, 121, 45, 0.019310851
  406, 116, 44, 55, 0.019251226
  364, 246, 36, 44, 0.019229196
  161, 439, 110, 29, 0.019215293
  223, 206, 36, 62, 0.019195424
  490, 432, 52, 80, 0.019188965
  229, 202, 93, 49, 0.019186281
  355, 253, 59, 68, 0.019183293
  249, 544, 31, 47, 0.019175215
  467, 221, 63, 134, 0.019171277
  301, 565, 44, 33, 0.019170918
  491, 451, 42, 75, 0.019154759
  422, 102, 77, 43, 0.019136928
  397, 102, 77, 43, 0.019136928
  242, 544, 31, 47, 0.01911738
  223, 487, 59, 65, 0.019103937
  636, 261, 48, 48, 0.019096628
  142, 73, 47, 50, 0.019085018
  280, 70, 50, 47, 0.019082468
  386, 206, 53, 63, 0.019056037
  371, 206, 53, 63, 0.019056037
  216, 526, 44, 27, 0.019039175
  596, 322, 119, 59, 0.019019956
  280, 174, 50, 86, 0.019018605
  181, 26, 43, 53, 0.019017264
  558, 121, 29, 80, 0.01901485
  547, 121, 40, 68, 0.01901485
  220, 129, 137, 79, 0.019000744
  337, 254, 119, 80, 0.018999116
  286, 166, 43, 43, 0.018976841
  331, 538, 36, 45, 0.018945124
  330, 547, 37, 44, 0.018945124
  253, 456, 42, 78, 0.018937338
  196, 68, 85, 31, 0.018935315
  293, 173, 34, 34, 0.018932307
  152, 351, 49, 119, 0.01890894
  106, 411, 75, 52, 0.01887575
  100, 421, 69, 37, 0.018875027
  258, 463, 96, 117, 0.018846972
  445, 106, 122, 39, 0.018805655
  397, 133, 53, 50, 0.018797621
  366, 375, 22, 56, 0.01878435
  316, 234, 100, 37, 0.018776456
  715, 296, 27, 44, 0.018763639
  719, 332, 21, 47, 0.018759293
  538, 106, 27, 39, 0.018724423
  236, 546, 38, 38, 0.018718498
  173, 43, 128, 38, 0.018714374
  356, 261, 43, 43, 0.01870453
  463, 26, 73, 53, 0.018699206
  511, 229, 56, 50, 0.01869371
  441, 106, 83, 39, 0.018660506
  283, 226, 35, 57, 0.018656747
  444, 118, 110, 49, 0.018656719
  187, 101, 30, 49, 0.018650409
  321, 111, 43, 43, 0.01864682
  235, 241, 74, 53, 0.018641926
  664, 267, 54, 37, 0.018603956
  626, 161, 43, 43, 0.018578928
  626, 146, 43, 43, 0.018578928
  508, 223, 61, 67, 0.018486688
  673, 322, 39, 77, 0.018458966
  603, 147, 82, 65, 0.018420059
  603, 128, 82, 65, 0.018420059
  197, 235, 61, 29, 0.018417297
  148, 58, 37, 42, 0.01841143
  697, 157, 34, 30, 0.018411092
  242, 446, 33, 105, 0.018389666
  300, 233, 56, 136, 0.018384906
  236, 274, 24, 53, 0.018376233
  236, 164, 40, 131, 0.018348949
  193, 62, 73, 31, 0.018348942
  242, 260, 41, 101, 0.018338623
  585, 105, 100, 86, 0.018327525
  677, 310, 33, 51, 0.018319251
  442, 223, 89, 64, 0.018318705
  193, 58, 65, 29, 0.01828835
  313, 113, 38, 71, 0.018261241
  386, 124, 65, 40, 0.018257994
  430, 26, 27, 39, 0.018251397
  300, 179, 25, 59, 0.018210033
  178, 166, 42, 37, 0.01820169
  262, 111, 95, 79, 0.018193698
  453, 1, 38, 38, 0.018174054
  358, 252, 58, 102, 0.018171832
  244, 242, 69, 37, 0.01816004
  296, 111, 94, 87, 0.018153848
  161, 416, 48, 43, 0.018152758
  365, 226, 37, 63, 0.018138042
  634, 191, 33, 85, 0.018137041
  266, 86, 65, 36, 0.018126069
  199, 54, 50, 23, 0.018101271
  211, 142, 37, 42, 0.018097332
  687, 151, 83, 36, 0.018089293
  187, 166, 45, 37, 0.018088931
  701, 296, 43, 48, 0.018034857
  658, 180, 42, 37, 0.018030377
  463, 116, 36, 65, 0.018016275
  514, 428, 52, 84, 0.018014539
  694, 160, 39, 54, 0.018009033
  261, 71, 78, 65, 0.01800357
  310, 112, 41, 47, 0.018000145
  280, 85, 50, 50, 0.01794905
  81, 418, 95, 39, 0.017946081
  280, 241, 33, 44, 0.017942216
  536, 472, 24, 53, 0.017923389
  541, 85, 53, 29, 0.017920617
  481, 226, 49, 33, 0.01790864
  261, 52, 78, 65, 0.017898964
  473, 221, 38, 30, 0.017898798
  447, 49, 69, 113, 0.017894911
  234, 274, 19, 53, 0.017848695
  246, 546, 38, 38, 0.017814908
  322, 34, 34, 62, 0.01777029
  296, 60, 65, 33, 0.01777029
  316, 60, 65, 33, 0.01777029
  688, 114, 19, 59, 0.017722839
  286, 228, 95, 37, 0.017682567
  664, 129, 110, 43, 0.017680384
  141, 148, 65, 23, 0.017659662
  326, 116, 53, 21, 0.017654251
  557, 263, 125, 48, 0.01760559
  591, 137, 105, 37, 0.017600073
  156, 421, 85, 42, 0.017569514
  140, 381, 100, 82, 0.017544549
  161, 394, 53, 70, 0.017535159
  201, 259, 33, 45, 0.017531095
  209, 237, 25, 53, 0.017531095
  211, 481, 70, 73, 0.017520303
  656, 328, 59, 128, 0.017506894
  596, 331, 119, 68, 0.017506894
  377, 393, 34, 34, 0.017505489
  500, 169, 42, 72, 0.017477004
  190, 13, 23, 69, 0.017473593
  369, 379, 40, 72, 0.017472725
  96, 420, 85, 50, 0.017431121
  266, 79, 65, 38, 0.017423732
  212, 130, 36, 45, 0.017422942
  211, 136, 43, 38, 0.017422942
  148, 151, 57, 31, 0.017419131
  532, 461, 40, 69, 0.017413884
  478, 246, 48, 37, 0.017400375
  469, 32, 51, 31, 0.01739097
  471, 36, 43, 38, 0.01739097
  130, 391, 47, 65, 0.01738658
  281, 184, 37, 69, 0.017374385
  221, 235, 53, 29, 0.017374134
  333, 176, 33, 85, 0.017368851
  664, 181, 36, 44, 0.017358482
  72, 439, 89, 67, 0.017358296
  142, 376, 35, 80, 0.017324544
  259, 395, 24, 71, 0.017294761
  472, 229, 58, 106, 0.017276941
  261, 86, 78, 69, 0.017268788
  400, 211, 36, 80, 0.01725336
  585, 250, 69, 30, 0.017244052
  166, 170, 53, 23, 0.017238446
  262, 433, 29, 89, 0.017229728
  394, 206, 60, 63, 0.017212741
  356, 206, 60, 63, 0.017212741
  240, 448, 33, 60, 0.017205885
  226, 448, 47, 47, 0.017205885
  255, 261, 23, 53, 0.017193133
  382, 236, 33, 54, 0.017178029
  682, 346, 50, 59, 0.017139636
  117, 446, 39, 100, 0.017134532
  536, 493, 31, 51, 0.017132169
  245, 164, 40, 131, 0.017111614
  195, 439, 89, 61, 0.017107625
  421, 22, 37, 42, 0.017106876
  416, 25, 44, 30, 0.017087277
  229, 211, 50, 59, 0.01708029
  191, 228, 68, 38, 0.017063892
  557, 64, 37, 51, 0.017063629
  424, 16, 33, 39, 0.017051192
  690, 349, 31, 51, 0.017042931
  263, 169, 75, 42, 0.017030803
  557, 108, 21, 50, 0.017025219
  684, 349, 33, 51, 0.017016539
  400, 231, 25, 53, 0.016989239
  595, 258, 53, 29, 0.01696579
  556, 121, 48, 53, 0.016953338
  208, 438, 69, 37, 0.016939407
  664, 114, 104, 61, 0.016931271
  498, 460, 37, 66, 0.016928924
  513, 521, 34, 34, 0.016818691
  495, 244, 33, 54, 0.016796928
  316, 181, 49, 33, 0.016784692
  375, 394, 23, 50, 0.016771443
  377, 225, 23, 62, 0.016715104
  156, 401, 73, 63, 0.016712531
  187, 117, 45, 33, 0.01671081
  635, 260, 81, 52, 0.016703332
  199, 13, 25, 69, 0.016700001
  335, 257, 71, 36, 0.016679604
  603, 157, 82, 74, 0.016677596
  461, 19, 85, 36, 0.016664509
  631, 157, 49, 30, 0.016643194
  406, 101, 44, 65, 0.016640328
  682, 126, 30, 49, 0.016622601
  112, 446, 57, 37, 0.016585521
  153, 406, 93, 64, 0.016517751
  694, 292, 44, 50, 0.016508786
  686, 300, 55, 40, 0.016508786
  701, 300, 55, 40, 0.016508786
  463, 96, 36, 70, 0.016508447
  550, 70, 44, 44, 0.016485233
  559, 70, 44, 44, 0.016485233
  286, 202, 97, 61, 0.016471665
  320, 136, 84, 55, 0.016460661
  726, 326, 53, 38, 0.016453665
  633, 147, 43, 77, 0.016451795
  633, 122, 43, 77, 0.016451795
  393, 277, 37, 57, 0.016443422
  461, 130, 80, 33, 0.016439542
  463, 11, 76, 53, 0.016431479
  473, 225, 38, 34, 0.016428145
  473, 213, 38, 34, 0.016428145
  595, 259, 50, 21, 0.01639035
  685, 133, 30, 34, 0.01638034
  154, 139, 50, 44, 0.01638012
  538, 96, 27, 44, 0.016369347
  527, 86, 40, 55, 0.016340092
  473, 33, 34, 34, 0.01632059
  237, 445, 34, 38, 0.016300267
  539, 241, 128, 45, 0.016296422
  317, 116, 53, 25, 0.016278997
  301, 116, 53, 25, 0.016278997
  680, 292, 37, 69, 0.016271666
  196, 246, 38, 43, 0.016232839
  201, 238, 33, 48, 0.016232839
  187, 166, 33, 54, 0.016229315
  313, 34, 40, 62, 0.016225616
  401, 86, 73, 60, 0.016174631
  461, 6, 53, 53, 0.016170414
  664, 180, 48, 37, 0.01613347
  196, 123, 85, 52, 0.016131474
  35, 447, 134, 61, 0.016095147
  613, 269, 30, 30, 0.016076524
  676, 136, 49, 33, 0.016075527
  408, 231, 24, 59, 0.016072003
  491, 176, 53, 63, 0.015962621
  663, 181, 39, 110, 0.015938882
  653, 343, 65, 25, 0.015935581
  529, 470, 58, 67, 0.015934631
  529, 489, 58, 67, 0.015934631
  728, 331, 58, 34, 0.01592006
  148, 46, 37, 51, 0.015903099
  160, 441, 35, 85, 0.015861696
  536, 121, 53, 70, 0.015837576
  506, 106, 62, 34, 0.015832134
  595, 269, 53, 19, 0.015830185
  386, 116, 63, 53, 0.015819428
  400, 128, 49, 67, 0.015819428
  400, 109, 49, 67, 0.015819428
  527, 101, 40, 55, 0.015776368
  166, 436, 71, 46, 0.01577371
  285, 113, 65, 31, 0.015751861
  221, 206, 53, 63, 0.015749747
  136, 56, 53, 43, 0.015684597
  145, 61, 38, 34, 0.015672859
  211, 145, 37, 51, 0.015631793
  185, 153, 65, 91, 0.015602864
  185, 52, 85, 29, 0.015598713
  107, 450, 63, 121, 0.015589898
  425, 25, 33, 51, 0.015565658
  199, 145, 49, 119, 0.015554059
  653, 139, 57, 29, 0.015551263
  182, 92, 26, 53, 0.015546745
  106, 445, 44, 33, 0.015530746
  321, 157, 89, 29, 0.015475136
  559, 121, 56, 65, 0.015465594
  696, 163, 24, 56, 0.015419241
  196, 106, 80, 70, 0.015415848
  166, 153, 65, 91, 0.015391125
  107, 442, 49, 115, 0.015381197
  256, 499, 48, 33, 0.015375618
  715, 285, 25, 57, 0.015357806
  586, 86, 40, 55, 0.015357411
  586, 101, 40, 55, 0.015357411
  605, 261, 38, 30, 0.015345107
  605, 253, 38, 30, 0.015345107
  546, 121, 43, 53, 0.015316039
  653, 349, 65, 25, 0.015306224
  206, 206, 53, 63, 0.015299584
  164, 24, 21, 62, 0.015292595
  226, 442, 44, 27, 0.015277393
  116, 424, 44, 33, 0.015252636
  664, 213, 23, 73, 0.01523974
  211, 442, 65, 41, 0.015215759
  301, 201, 42, 38, 0.015195043
  529, 451, 52, 76, 0.015193562
  199, 43, 62, 36, 0.015190046
  71, 25, 142, 67, 0.015180964
  283, 85, 51, 125, 0.015160763
  176, 166, 43, 48, 0.015159474
  673, 332, 39, 92, 0.015158269
  608, 215, 46, 71, 0.015153686
  201, 76, 42, 65, 0.015151275
  100, 442, 55, 76, 0.015125347
  256, 463, 24, 68, 0.015107855
  201, 446, 83, 67, 0.015107534
  173, 260, 61, 25, 0.015087266
  325, 116, 51, 31, 0.015073465
  704, 261, 37, 95, 0.01505983
  514, 521, 27, 44, 0.015058344
  315, 199, 37, 69, 0.015051083
  700, 281, 38, 62, 0.015045512
  664, 265, 53, 53, 0.014976801
  88, 451, 83, 80, 0.014954735
  685, 142, 88, 46, 0.014948148
  726, 331, 53, 43, 0.014946428
  583, 214, 72, 73, 0.014941998
  616, 157, 64, 102, 0.014941931
  145, 130, 59, 41, 0.014926184
  166, 117, 51, 33, 0.014910668
  181, 91, 30, 44, 0.014876006
  606, 250, 39, 27, 0.014874968
  296, 565, 39, 33, 0.014850316
  624, 225, 21, 53, 0.014848144
  285, 205, 34, 34, 0.014799431
  241, 456, 46, 78, 0.014788447
  163, 413, 69, 56, 0.014751958
  688, 109, 23, 65, 0.01472333
  245, 151, 59, 142, 0.014704823
  298, 191, 33, 49, 0.014702004
  616, 261, 27, 44, 0.014692179
  610, 256, 33, 39, 0.014692179
  610, 246, 33, 39, 0.014692179
  658, 231, 30, 44, 0.014683006
  598, 261, 51, 33, 0.01464554
  336, 552, 22, 43, 0.014603439
  109, 451, 48, 68, 0.014569391
  379, 253, 37, 69, 0.014565384
  656, 181, 48, 43, 0.014547319
  703, 349, 44, 53, 0.014517215
  661, 264, 80, 29, 0.01450255
  196, 89, 24, 68, 0.014496286
  725, 334, 71, 29, 0.014480623
  341, 251, 63, 53, 0.014456804
  341, 236, 63, 53, 0.014456804
  239, 212, 21, 56, 0.014453642
  586, 106, 65, 34, 0.014426822
  499, 176, 60, 63, 0.014418554
  604, 186, 49, 102, 0.014395227
  226, 544, 47, 47, 0.014353804
  176, 235, 85, 33, 0.014309512
  485, 501, 34, 30, 0.014309171
  458, 76, 134, 55, 0.014300706
  457, 244, 69, 29, 0.01424199
  153, 54, 53, 21, 0.014241759
  113, 445, 37, 60, 0.014194884
  225, 502, 37, 51, 0.014192844
  703, 304, 68, 36, 0.014185903
  616, 231, 30, 49, 0.014182365
  166, 46, 39, 27, 0.014173951
  292, 196, 27, 44, 0.014169722
  299, 186, 19, 53, 0.014169722
  279, 10, 61, 107, 0.014161142
  367, 393, 57, 37, 0.014157939
  209, 145, 65, 29, 0.014127807
  145, 151, 59, 44, 0.014106434
  321, 60, 80, 33, 0.014101794
  276, 60, 80, 33, 0.014101794
  265, 544, 59, 56, 0.014101094
  130, 411, 27, 49, 0.014084322
  209, 221, 25, 65, 0.014070368
  205, 261, 29, 61, 0.014070368
  406, 236, 33, 54, 0.014035668
  323, 95, 113, 35, 0.014028608
  559, 56, 40, 58, 0.014027489
  605, 245, 34, 30, 0.01402647
  605, 269, 34, 30, 0.01402647
  325, 116, 61, 25, 0.014009709
  147, 153, 74, 91, 0.014005083
  265, 529, 59, 68, 0.013994014
  331, 547, 65, 34, 0.013973116
  386, 101, 63, 63, 0.013944902
  400, 90, 49, 76, 0.013944902
  613, 241, 34, 38, 0.013897807
  671, 346, 63, 63, 0.013852487
  256, 262, 39, 33, 0.013845177
  229, 437, 42, 34, 0.013842343
  181, 41, 100, 41, 0.013836741
  491, 484, 50, 21, 0.01381113
  469, 487, 59, 44, 0.013805443
  129, 391, 70, 70, 0.013797808
  655, 213, 29, 73, 0.013774803
  124, 446, 21, 53, 0.013773356
  326, 381, 53, 43, 0.013768384
  382, 277, 47, 56, 0.013751162
  661, 267, 80, 33, 0.013732606
  197, 523, 73, 29, 0.013716573
  152, 34, 33, 54, 0.013690964
  371, 391, 48, 43, 0.013667063
  286, 196, 43, 43, 0.013664464
  166, 439, 69, 60, 0.013608363
  148, 92, 55, 84, 0.01360459
  186, 261, 48, 43, 0.013603971
  527, 106, 40, 65, 0.01355654
  535, 461, 29, 65, 0.013457326
  245, 421, 38, 34, 0.0134549
  670, 349, 47, 50, 0.013433377
  157, 121, 61, 29, 0.013412012
  514, 109, 51, 31, 0.013398107
  281, 424, 44, 24, 0.013393438
  514, 448, 102, 64, 0.013358858
  461, 86, 108, 81, 0.013336367
  170, 85, 40, 60, 0.013322078
  661, 256, 80, 33, 0.013268869
  596, 268, 49, 24, 0.013260311
  624, 267, 21, 53, 0.013260311
  276, 208, 44, 30, 0.013239363
  285, 376, 104, 41, 0.013224281
  606, 236, 43, 43, 0.013221956
  469, 499, 59, 44, 0.01319813
  586, 106, 40, 65, 0.013196532
  509, 520, 33, 48, 0.013180158
  697, 149, 42, 38, 0.013173906
  157, 385, 29, 77, 0.013173209
  373, 217, 29, 73, 0.013155117
  666, 236, 38, 43, 0.013137807
  286, 565, 44, 33, 0.013126905
  106, 451, 44, 33, 0.013118166
  471, 16, 48, 43, 0.013099361
  485, 493, 34, 34, 0.013065351
  476, 502, 44, 24, 0.013065351
  461, 246, 65, 38, 0.01300401
  472, 244, 56, 47, 0.01300401
  277, 339, 113, 113, 0.012986355
  511, 225, 61, 84, 0.012979284
  145, 118, 59, 50, 0.012901859
  637, 157, 34, 34, 0.012832263
  172, 91, 33, 44, 0.012756499
  368, 201, 34, 90, 0.012743743
  341, 256, 63, 63, 0.012743743
  705, 345, 34, 38, 0.012688743
  127, 449, 29, 89, 0.012628271
  664, 121, 24, 49, 0.012578121
  157, 406, 30, 54, 0.012426514
  171, 448, 49, 24, 0.012426284
  124, 428, 57, 37, 0.012419733
  660, 211, 38, 75, 0.012356618
  596, 250, 44, 27, 0.012262283
  511, 521, 43, 43, 0.012250016
  638, 277, 37, 51, 0.012238807
  451, 4, 44, 27, 0.012229709
  145, 53, 38, 34, 0.012118919
  658, 121, 27, 49, 0.012071659
  280, 519, 57, 37, 0.01188891
  176, 91, 38, 53, 0.011828578
  561, 89, 77, 25, 0.011759453
  646, 349, 72, 34, 0.011577993
  463, 134, 55, 98, 0.011529475
  637, 271, 40, 72, 0.01144095
  281, 409, 38, 38, 0.011335357
  267, 371, 33, 85, 0.011228032
  311, 516, 48, 43, 0.011128966
  181, 91, 43, 53, 0.011081651
  541, 100, 49, 33, 0.010432605
