68, 81, 444, 234, 0.18551934
  192, 65, 320, 251, 0.17774032
  66, 65, 353, 249, 0.16119355
  63, 81, 297, 217, 0.15661611
  1, 78, 323, 227, 0.14828168
  81, 156, 431, 159, 0.14763738
  63, 81, 219, 219, 0.1475528
  54, 79, 272, 183, 0.1468631
  302, 118, 210, 209, 0.14600368
  78, 125, 328, 187, 0.14486194
  68, 73, 332, 196, 0.14415292
  1, 78, 412, 299, 0.14377737
  59, 77, 208, 154, 0.1410747
  299, 64, 213, 251, 0.14090583
  406, 232, 106, 85, 0.14082102
  181, 64, 239, 242, 0.1404395
  299, 161, 213, 157, 0.13892616
  66, 100, 150, 196, 0.13890138
  68, 82, 256, 133, 0.13761483
  193, 82, 150, 179, 0.13757294
  179, 119, 333, 213, 0.13728896
  400, 87, 112, 228, 0.13095778
  1, 259, 103, 118, 0.13038334
  400, 166, 112, 150, 0.12981401
  68, 100, 151, 120, 0.12971914
  68, 73, 304, 276, 0.12918288
  1, 185, 104, 195, 0.12768857
  193, 78, 132, 71, 0.12702417
  1, 161, 405, 153, 0.12557453
  1, 98, 214, 209, 0.12555453
  192, 54, 180, 215, 0.12544598
  67, 82, 172, 134, 0.12486971
  67, 82, 200, 109, 0.12477447
  77, 122, 248, 177, 0.12459982
  70, 136, 442, 248, 0.12438052
  1, 80, 297, 304, 0.12426601
  65, 62, 262, 322, 0.12220744
  79, 172, 327, 139, 0.12164562
  1, 125, 354, 185, 0.12162501
  238, 84, 99, 61, 0.1209257
  181, 166, 331, 145, 0.12012329
  1, 184, 405, 200, 0.1198665
  189, 64, 293, 205, 0.11981436
  191, 123, 153, 134, 0.11865059
  193, 73, 133, 112, 0.118189
  1, 185, 213, 121, 0.11795344
  189, 62, 229, 125, 0.11789104
  323, 189, 30, 66, 0.11781443
  30, 81, 224, 214, 0.11741529
  237, 84, 88, 81, 0.11644392
  1, 172, 300, 133, 0.11626391
  192, 120, 317, 147, 0.11606501
  161, 82, 167, 179, 0.11574092
  1, 178, 260, 206, 0.1153908
  79, 136, 136, 162, 0.11531316
  191, 72, 181, 113, 0.11496775
  1, 185, 213, 178, 0.1147154
  189, 64, 320, 133, 0.11414267
  68, 83, 144, 108, 0.11344136
  189, 81, 159, 84, 0.11262209
  238, 65, 182, 117, 0.11201891
  33, 100, 172, 111, 0.11157466
  320, 186, 33, 82, 0.11154638
  302, 120, 210, 153, 0.11124334
  60, 54, 179, 257, 0.1110252
  233, 74, 139, 108, 0.11085926
  65, 65, 354, 147, 0.11050592
  193, 149, 149, 103, 0.11037136
  189, 74, 196, 167, 0.11033434
  236, 73, 136, 71, 0.11024813
  325, 55, 94, 109, 0.10985471
  118, 80, 223, 218, 0.10956889
  200, 156, 153, 113, 0.10938253
  229, 54, 192, 215, 0.10931949
  67, 97, 194, 107, 0.10885675
  379, 54, 133, 261, 0.10824409
  79, 172, 222, 125, 0.10813586
  117, 125, 263, 173, 0.10806236
  233, 83, 103, 99, 0.10774172
  192, 98, 208, 173, 0.10734233
  333, 89, 179, 243, 0.10733966
  192, 213, 320, 109, 0.10731296
  400, 115, 109, 88, 0.10723382
  1, 184, 99, 121, 0.10712898
  59, 116, 241, 203, 0.10705575
  233, 71, 139, 201, 0.10705274
  131, 79, 222, 182, 0.10673836
  338, 101, 22, 32, 0.10637031
  60, 99, 179, 250, 0.10634068
  199, 130, 121, 124, 0.10630213
  186, 69, 157, 230, 0.10629311
  300, 158, 207, 104, 0.10625392
  79, 137, 138, 77, 0.10616884
  193, 82, 109, 179, 0.10605655
  233, 220, 68, 49, 0.10561436
  193, 82, 72, 51, 0.10555822
  400, 90, 110, 174, 0.10543459
  99, 322, 19, 54, 0.10536928
  378, 118, 134, 203, 0.10470072
  1, 278, 102, 85, 0.10372837
  63, 40, 203, 203, 0.10369673
  70, 155, 336, 229, 0.10351594
  66, 57, 446, 154, 0.10332306
  59, 68, 134, 171, 0.10330909
  220, 157, 97, 84, 0.10328495
  200, 148, 309, 143, 0.10287705
  58, 172, 158, 123, 0.10262
  79, 215, 324, 97, 0.10259351
  341, 96, 19, 40, 0.10191482
  193, 82, 75, 176, 0.10174718
  190, 73, 182, 85, 0.10142445
  77, 124, 276, 139, 0.10105235
  1, 132, 214, 244, 0.10058733
  221, 97, 24, 36, 0.10035935
  372, 224, 140, 91, 0.10022911
  16, 194, 285, 105, 0.09976998
  235, 208, 63, 27, 0.099530667
  195, 149, 218, 119, 0.099213362
  190, 78, 78, 71, 0.09908884
  79, 122, 242, 119, 0.098806016
  60, 19, 264, 221, 0.098661609
  79, 136, 139, 106, 0.098183468
  1, 277, 121, 99, 0.098085746
  72, 209, 440, 175, 0.097476929
  189, 70, 77, 129, 0.097469509
  405, 233, 107, 123, 0.09734159
  84, 322, 20, 54, 0.097007602
  173, 82, 188, 117, 0.096615888
  342, 55, 76, 123, 0.096517332
  201, 123, 199, 134, 0.096393287
  331, 100, 31, 37, 0.096373253
  235, 187, 64, 48, 0.096356243
  220, 83, 106, 179, 0.096201539
  1, 301, 94, 61, 0.095968291
  79, 76, 196, 308, 0.0958592
  82, 214, 49, 77, 0.095578417
  238, 71, 88, 83, 0.09543521
  182, 149, 159, 150, 0.0952923
  13, 125, 228, 171, 0.094991326
  233, 125, 120, 147, 0.094873734
  400, 166, 103, 40, 0.094581455
  314, 195, 198, 120, 0.09454748
  189, 156, 129, 84, 0.094446756
  325, 101, 35, 35, 0.094063811
  76, 124, 191, 149, 0.093513764
  79, 125, 182, 95, 0.09344136
  220, 157, 103, 112, 0.093226947
  131, 149, 222, 150, 0.093015015
  192, 17, 229, 242, 0.09275461
  98, 283, 305, 101, 0.092686005
  199, 167, 99, 73, 0.092502631
  367, 57, 51, 106, 0.092455402
  311, 56, 201, 142, 0.092352338
  171, 69, 155, 133, 0.091944665
  117, 246, 96, 49, 0.091924377
  315, 54, 106, 134, 0.09178371
  233, 127, 88, 129, 0.091219008
  192, 82, 144, 51, 0.091205038
  220, 129, 101, 106, 0.091040589
  181, 197, 285, 117, 0.090895161
  65, 9, 354, 193, 0.090863489
  201, 167, 101, 93, 0.090863332
  189, 79, 101, 121, 0.090646595
  199, 141, 117, 94, 0.090333901
  195, 116, 103, 136, 0.090316556
  79, 206, 222, 93, 0.090159059
  56, 100, 118, 91, 0.090076342
  231, 70, 93, 117, 0.090071708
  97, 324, 27, 54, 0.090048425
  81, 168, 221, 216, 0.08994475
  82, 207, 132, 88, 0.089912087
  193, 19, 316, 180, 0.089886203
  31, 120, 290, 139, 0.08966174
  191, 51, 227, 112, 0.089621522
  406, 273, 101, 44, 0.089427277
  16, 205, 197, 91, 0.089419365
  301, 160, 112, 109, 0.089122511
  379, 57, 133, 146, 0.089117572
  439, 89, 52, 36, 0.089051053
  219, 158, 79, 78, 0.088923015
  134, 81, 190, 103, 0.088666782
  201, 184, 99, 53, 0.088656642
  58, 118, 181, 124, 0.088611573
  325, 73, 60, 63, 0.088458873
  216, 96, 145, 164, 0.088394009
  82, 189, 272, 109, 0.088382527
  220, 82, 121, 115, 0.08823289
  325, 65, 93, 79, 0.087965719
  82, 183, 219, 156, 0.087821864
  186, 124, 157, 203, 0.087462172
  79, 156, 275, 117, 0.087445654
  1, 76, 200, 288, 0.087439299
  201, 125, 137, 112, 0.087417111
  282, 56, 136, 125, 0.086838976
  159, 117, 159, 143, 0.086836614
  216, 126, 112, 146, 0.086682424
  67, 125, 254, 87, 0.086632267
  16, 156, 285, 131, 0.086577758
  189, 11, 229, 153, 0.08643534
  189, 170, 153, 93, 0.086261034
  300, 151, 80, 117, 0.086082123
  79, 163, 139, 150, 0.085739337
  147, 156, 173, 113, 0.085728496
  215, 174, 48, 23, 0.085562438
  303, 56, 115, 215, 0.085207678
  231, 197, 72, 37, 0.085166171
  237, 84, 88, 49, 0.084866688
  235, 166, 63, 69, 0.08485958
  66, 13, 260, 177, 0.084704414
  14, 180, 191, 108, 0.084362067
  236, 83, 124, 57, 0.084351145
  70, 236, 333, 148, 0.084345639
  199, 168, 188, 101, 0.084103689
  54, 3, 214, 204, 0.08404348
  186, 79, 121, 219, 0.083834849
  346, 63, 67, 98, 0.083772197
  302, 166, 51, 105, 0.083766408
  1, 176, 167, 129, 0.083659634
  66, 40, 146, 174, 0.083477959
  234, 144, 81, 91, 0.083466627
  213, 97, 35, 35, 0.083189562
  399, 79, 111, 118, 0.082924031
  57, 192, 158, 143, 0.082779907
  325, 73, 47, 60, 0.08262337
  235, 71, 185, 73, 0.082481742
  229, 215, 96, 54, 0.082329169
  238, 43, 133, 100, 0.082058869
  195, 147, 112, 131, 0.08204557
  199, 115, 69, 137, 0.081778832
  1, 352, 97, 32, 0.08173275
  199, 168, 61, 85, 0.081488021
  160, 34, 260, 165, 0.081421942
  1, 259, 149, 118, 0.081370153
  174, 78, 319, 109, 0.081329167
  191, 81, 79, 97, 0.081000909
  16, 184, 77, 99, 0.080917805
  189, 54, 302, 111, 0.080915816
  233, 214, 68, 47, 0.080870941
  241, 142, 54, 23, 0.08066047
  1, 329, 97, 35, 0.080428146
  33, 136, 181, 75, 0.080358975
  220, 172, 90, 64, 0.080289215
  189, 82, 56, 51, 0.080169067
  236, 14, 182, 169, 0.079957239
  238, 94, 85, 52, 0.079888083
  118, 215, 185, 82, 0.079738148
  220, 91, 27, 44, 0.079641171
  201, 214, 102, 55, 0.079463415
  160, 82, 106, 118, 0.079364195
  196, 174, 70, 88, 0.079161592
  1, 135, 113, 241, 0.078622855
  201, 82, 120, 200, 0.078576572
  46, 122, 197, 97, 0.078436412
  66, 184, 150, 195, 0.078394622
  211, 197, 87, 37, 0.078274585
  58, 100, 118, 127, 0.077937797
  247, 157, 133, 112, 0.07781487
  400, 166, 105, 84, 0.077212073
  30, 184, 223, 78, 0.077202536
  202, 97, 43, 36, 0.077177383
  380, 164, 129, 71, 0.077084787
  67, 281, 37, 97, 0.076997541
  489, 221, 17, 45, 0.076898679
  316, 71, 55, 68, 0.076816499
  237, 82, 116, 209, 0.07680621
  79, 137, 102, 69, 0.076673038
  173, 118, 178, 123, 0.076638326
  16, 183, 245, 101, 0.076635838
  489, 186, 17, 40, 0.07656312
  220, 139, 86, 102, 0.076462097
  172, 156, 173, 87, 0.076228321
  181, 291, 230, 75, 0.076110557
  201, 71, 163, 253, 0.075996026
  187, 172, 115, 127, 0.075874522
  79, 170, 185, 92, 0.075752228
  156, 81, 111, 177, 0.075743996
  295, 175, 67, 93, 0.075684011
  235, 214, 63, 23, 0.075601757
  229, 129, 39, 39, 0.075594671
  296, 189, 57, 81, 0.075591072
  129, 156, 172, 142, 0.075446911
  322, 172, 127, 124, 0.075182915
  117, 82, 150, 213, 0.075151898
  1, 315, 99, 47, 0.075096779
  191, 26, 137, 139, 0.075031422
  31, 184, 272, 85, 0.074968837
  79, 118, 189, 85, 0.074877396
  201, 139, 93, 114, 0.074785769
  478, 196, 28, 31, 0.074728988
  237, 70, 104, 191, 0.074706487
  1, 200, 120, 161, 0.074438952
  211, 125, 111, 73, 0.074376099
  231, 84, 189, 89, 0.074374571
  319, 188, 37, 105, 0.074346215
  321, 166, 35, 105, 0.074190393
  40, 17, 203, 226, 0.074132599
  145, 79, 137, 219, 0.074020103
  188, 214, 114, 84, 0.073757656
  232, 153, 67, 94, 0.07363908
  77, 324, 25, 54, 0.073322825
  95, 313, 31, 63, 0.073138803
  70, 206, 186, 178, 0.072853372
  67, 208, 115, 88, 0.072767533
  326, 96, 38, 43, 0.072756223
  399, 115, 111, 130, 0.072698146
  206, 96, 43, 43, 0.072679169
  300, 74, 212, 177, 0.072644502
  190, 5, 182, 178, 0.072471403
  72, 214, 331, 144, 0.072466701
  161, 156, 345, 228, 0.07245677
  60, 98, 137, 278, 0.072403051
  68, 136, 114, 161, 0.072327785
  299, 73, 72, 61, 0.072304472
  211, 186, 144, 83, 0.072294131
  191, 81, 54, 77, 0.072202586
  190, 81, 55, 103, 0.072088063
  176, 167, 192, 111, 0.071909636
  238, 96, 123, 83, 0.071883664
  322, 189, 43, 80, 0.071809143
  380, 163, 122, 57, 0.071806408
  150, 78, 185, 79, 0.071789548
  143, 8, 276, 171, 0.071629599
  335, 88, 25, 48, 0.071602784
  231, 128, 91, 57, 0.071563892
  230, 26, 142, 155, 0.071416341
  115, 242, 101, 66, 0.071083076
  229, 127, 239, 194, 0.070894219
  31, 156, 233, 106, 0.070853993
  320, 56, 172, 122, 0.070802167
  86, 150, 135, 61, 0.070682779
  257, 234, 51, 26, 0.070637107
  185, 119, 83, 83, 0.070460111
  1, 185, 71, 167, 0.070363767
  154, 80, 114, 69, 0.070310734
  192, 1, 132, 181, 0.070263557
  160, 156, 138, 83, 0.07019493
  57, 135, 117, 55, 0.070160255
  211, 185, 114, 49, 0.070143998
  40, 270, 63, 107, 0.070068851
  117, 234, 157, 63, 0.069972545
  239, 124, 112, 58, 0.069855154
  473, 193, 35, 35, 0.069656521
  321, 100, 44, 33, 0.069578134
  170, 126, 153, 71, 0.069459684
  361, 56, 57, 131, 0.069381654
  72, 247, 208, 137, 0.069376603
  52, 277, 52, 99, 0.069362074
  313, 56, 153, 240, 0.069319203
  357, 55, 67, 108, 0.06929408
  181, 184, 117, 75, 0.069110014
  339, 172, 46, 81, 0.068934932
  313, 162, 155, 151, 0.068804398
  341, 101, 19, 45, 0.06880039
  77, 192, 105, 113, 0.0687778
  324, 57, 104, 234, 0.068741024
  16, 136, 165, 160, 0.068735242
  326, 72, 52, 78, 0.068683028
  211, 125, 57, 72, 0.068650238
  79, 137, 142, 53, 0.068422019
  326, 55, 166, 95, 0.068209849
  437, 88, 60, 43, 0.068146147
  193, 8, 289, 157, 0.06810572
  1, 247, 247, 137, 0.068101987
  220, 96, 123, 47, 0.06802842
  220, 98, 25, 54, 0.067962207
  79, 159, 143, 103, 0.067951739
  300, 175, 55, 115, 0.067837641
  160, 82, 105, 50, 0.067783557
  221, 161, 39, 39, 0.067740954
  224, 82, 23, 51, 0.067679532
  231, 126, 171, 55, 0.067657769
  190, 125, 49, 38, 0.067517765
  201, 98, 81, 161, 0.067455828
  229, 86, 17, 50, 0.067391977
  118, 124, 185, 208, 0.067280129
  256, 143, 157, 125, 0.067146629
  174, 160, 87, 93, 0.067034677
  16, 201, 84, 76, 0.067023873
  118, 215, 221, 97, 0.06695047
  413, 88, 80, 43, 0.066931494
  110, 79, 158, 151, 0.066871159
  434, 89, 65, 33, 0.066838257
  58, 148, 206, 133, 0.066473067
  317, 73, 174, 63, 0.066405497
  173, 118, 109, 81, 0.066381358
  208, 165, 299, 104, 0.066327333
  279, 32, 233, 165, 0.066327125
  107, 54, 175, 251, 0.066228099
  238, 33, 182, 122, 0.066068411
  181, 214, 121, 65, 0.065989926
  436, 269, 55, 19, 0.065859191
  238, 71, 260, 73, 0.065802932
  216, 129, 105, 39, 0.065709315
  188, 162, 91, 140, 0.065676726
  187, 149, 114, 172, 0.065652616
  238, 43, 88, 121, 0.065611161
  190, 61, 182, 71, 0.065545514
  242, 138, 66, 27, 0.065519996
  273, 234, 40, 28, 0.065475814
  70, 262, 111, 49, 0.065458119
  301, 124, 150, 208, 0.065431096
  481, 225, 28, 39, 0.0651014
  207, 82, 38, 55, 0.065056503
  115, 215, 187, 110, 0.064946875
  256, 229, 25, 28, 0.064932533
  189, 14, 79, 187, 0.064893618
  483, 218, 25, 45, 0.064820111
  176, 14, 207, 135, 0.06479682
  190, 118, 51, 66, 0.064639963
  339, 162, 168, 90, 0.06416402
  185, 174, 77, 78, 0.064102627
  124, 126, 144, 155, 0.063839637
  199, 166, 66, 69, 0.063743815
  268, 71, 105, 73, 0.063714392
  191, 82, 111, 50, 0.063703559
  403, 258, 103, 61, 0.063572504
  263, 71, 137, 197, 0.063546129
  342, 57, 75, 88, 0.063539572
  281, 40, 139, 219, 0.063517109
  325, 72, 64, 86, 0.06347286
  202, 81, 47, 68, 0.063364863
  58, 186, 30, 39, 0.063239396
  339, 133, 173, 167, 0.063140519
  233, 26, 103, 139, 0.063094981
  60, 160, 155, 75, 0.063085988
  301, 162, 138, 94, 0.063080832
  193, 23, 191, 109, 0.063027389
  16, 201, 153, 86, 0.063014232
  169, 81, 114, 93, 0.063012227
  98, 313, 35, 63, 0.062997021
  403, 111, 15, 55, 0.062834434
  313, 102, 105, 80, 0.06282863
  328, 196, 25, 60, 0.06276276
  323, 73, 73, 105, 0.062754452
  220, 157, 73, 40, 0.062440019
  232, 155, 63, 27, 0.06241443
  472, 196, 35, 67, 0.062255986
  436, 263, 54, 25, 0.062253349
  201, 214, 97, 38, 0.062201053
  159, 148, 105, 110, 0.062123772
  81, 205, 106, 57, 0.062095076
  132, 7, 254, 247, 0.06202874
  436, 246, 53, 43, 0.061977856
  60, 149, 200, 83, 0.061961383
  185, 121, 83, 118, 0.061944619
  105, 149, 248, 235, 0.061919071
  72, 214, 143, 98, 0.06186768
  192, 118, 79, 161, 0.061810624
  220, 157, 136, 145, 0.06175974
  467, 221, 41, 43, 0.061730042
  26, 86, 172, 147, 0.061699737
  256, 232, 59, 30, 0.061487991
  191, 97, 209, 89, 0.061432637
  220, 157, 105, 44, 0.061372764
  273, 253, 36, 20, 0.061311133
  323, 14, 90, 163, 0.061227839
  271, 232, 31, 28, 0.061215803
  187, 156, 213, 85, 0.061198611
  79, 192, 176, 75, 0.061197929
  195, 156, 120, 43, 0.061103411
  237, 114, 84, 51, 0.061035722
  208, 96, 164, 84, 0.060949564
  220, 98, 87, 162, 0.0609354
  342, 84, 78, 81, 0.060877636
  219, 124, 134, 211, 0.060833145
  301, 160, 133, 130, 0.060464814
  160, 116, 108, 85, 0.060353328
  273, 229, 35, 31, 0.060337007
  306, 136, 192, 161, 0.060187999
  273, 256, 36, 22, 0.060127743
  186, 124, 121, 224, 0.060077686
  296, 56, 121, 94, 0.060017779
  73, 82, 251, 90, 0.059964646
  303, 189, 51, 68, 0.059919935
  271, 243, 45, 17, 0.059911035
  146, 148, 128, 154, 0.059724443
  1, 259, 83, 93, 0.059704911
  160, 155, 61, 44, 0.059629302
  116, 125, 123, 171, 0.059521779
  238, 125, 114, 41, 0.059441321
  214, 96, 33, 54, 0.059417989
  191, 118, 209, 81, 0.059327591
  210, 126, 58, 108, 0.059291005
  51, 281, 53, 68, 0.059235763
  191, 122, 77, 39, 0.059208836
  397, 111, 21, 54, 0.059179608
  1, 147, 99, 173, 0.059085455
  174, 149, 143, 55, 0.059054192
  131, 177, 172, 85, 0.059050918
  16, 184, 124, 103, 0.059003819
  37, 196, 31, 28, 0.059002165
  326, 20, 166, 145, 0.058989774
  271, 256, 31, 25, 0.058644101
  151, 117, 93, 61, 0.058557767
  190, 124, 161, 57, 0.058505226
  191, 36, 151, 108, 0.058495693
  1, 106, 87, 200, 0.058410738
  82, 234, 197, 77, 0.058378402
  193, 169, 73, 117, 0.058353771
  66, 137, 121, 211, 0.058342926
  123, 137, 51, 56, 0.058273967
  323, 184, 147, 103, 0.058085684
  298, 73, 120, 63, 0.058056198
  341, 102, 76, 47, 0.058007214
  361, 115, 148, 88, 0.057962891
  82, 205, 183, 57, 0.05795214
  43, 197, 22, 32, 0.057906263
  421, 119, 61, 32, 0.057880923
  214, 161, 55, 36, 0.057863906
  339, 195, 170, 101, 0.057855479
  297, 73, 75, 197, 0.057844687
  362, 233, 150, 115, 0.057811696
  462, 193, 45, 72, 0.057716135
  387, 52, 105, 79, 0.057656121
  439, 90, 73, 218, 0.057648521
  394, 126, 24, 39, 0.05757416
  202, 97, 55, 40, 0.057395529
  71, 214, 230, 144, 0.057355635
  15, 277, 88, 101, 0.057290982
  193, 10, 75, 242, 0.05727724
  236, 233, 67, 36, 0.057216957
  166, 118, 66, 60, 0.057164557
  347, 114, 165, 114, 0.057157308
  199, 168, 66, 29, 0.057153512
  390, 86, 104, 47, 0.05710135
  83, 156, 177, 85, 0.057058576
  146, 81, 121, 88, 0.057042059
  214, 173, 55, 28, 0.057028491
  300, 70, 86, 67, 0.057015784
  199, 77, 47, 60, 0.05700206
  59, 172, 143, 57, 0.056947008
  219, 124, 161, 76, 0.056912638
  118, 215, 96, 81, 0.056882422
  233, 223, 66, 31, 0.056712843
  128, 160, 171, 75, 0.05671221
  161, 143, 153, 89, 0.056648333
  68, 111, 171, 81, 0.056639031
  216, 156, 48, 43, 0.056599248
  258, 221, 22, 36, 0.056562304
  236, 226, 43, 43, 0.056497376
  230, 94, 144, 49, 0.056434963
  192, 125, 129, 43, 0.056321889
  187, 234, 87, 69, 0.056276478
  332, 147, 137, 149, 0.056231305
  58, 4, 139, 282, 0.056070603
  189, 19, 77, 141, 0.056040745
  15, 258, 88, 92, 0.055996023
  282, 6, 136, 159, 0.055935562
  56, 136, 125, 95, 0.055825323
  323, 189, 57, 84, 0.055809952
  79, 191, 123, 49, 0.055649169
  324, 188, 41, 111, 0.055564702
  1, 288, 191, 89, 0.055536348
  342, 102, 78, 75, 0.055510756
  315, 83, 106, 96, 0.055495124
  416, 89, 77, 33, 0.055492241
  185, 197, 168, 136, 0.055472653
  181, 249, 236, 95, 0.055446912
  421, 103, 61, 28, 0.055428129
  100, 247, 174, 71, 0.055372261
  128, 118, 194, 81, 0.055278104
  340, 76, 23, 57, 0.055268683
  221, 106, 102, 37, 0.055254433
  159, 119, 123, 118, 0.055252813
  401, 121, 17, 45, 0.05524474
  451, 191, 55, 71, 0.055206563
  473, 214, 34, 49, 0.055199292
  151, 126, 117, 87, 0.055167954
  369, 24, 123, 139, 0.055141263
  16, 181, 78, 78, 0.055134095
  193, 4, 107, 248, 0.055118836
  324, 159, 105, 114, 0.055089377
  312, 120, 200, 84, 0.055028506
  210, 98, 58, 102, 0.054974463
  77, 185, 54, 111, 0.054890502
  406, 89, 94, 97, 0.054871764
  47, 186, 17, 40, 0.054832008
  47, 196, 17, 40, 0.054832008
  258, 153, 209, 118, 0.054803938
  234, 127, 89, 203, 0.054793246
  328, 93, 33, 54, 0.054768223
  33, 185, 35, 39, 0.054653767
  166, 163, 40, 15, 0.05461619
  210, 166, 85, 64, 0.054584805
  281, 124, 99, 55, 0.054552518
  161, 155, 129, 45, 0.054502528
  155, 113, 99, 139, 0.054491982
  79, 208, 185, 81, 0.054418471
  187, 254, 146, 59, 0.054410074
  322, 188, 186, 83, 0.054403398
  481, 193, 28, 35, 0.054392498
  221, 172, 40, 58, 0.05429659
  203, 220, 149, 49, 0.054250579
  30, 201, 101, 88, 0.054204937
  85, 293, 161, 91, 0.054096702
  189, 214, 64, 39, 0.05398418
  204, 219, 117, 47, 0.053926427
  158, 81, 87, 97, 0.053926125
  335, 98, 25, 48, 0.053902622
  237, 13, 261, 131, 0.053810183
  192, 98, 55, 141, 0.053798568
  117, 136, 99, 161, 0.053700078
  188, 260, 93, 41, 0.053698275
  239, 125, 141, 49, 0.053696983
  439, 223, 73, 105, 0.053639404
  337, 55, 81, 197, 0.053590231
  302, 102, 106, 170, 0.053566869
  298, 43, 73, 93, 0.053543612
  14, 259, 81, 61, 0.053542051
  188, 220, 114, 108, 0.053541124
  406, 82, 93, 55, 0.053519282
  233, 154, 82, 33, 0.053421207
  409, 126, 33, 39, 0.053409763
  31, 165, 171, 97, 0.053408656
  324, 190, 61, 102, 0.053407155
  156, 118, 83, 81, 0.053295165
  379, 159, 127, 103, 0.053274449
  231, 22, 95, 245, 0.053272694
  174, 116, 71, 68, 0.053262144
  238, 131, 70, 34, 0.05319358
  324, 160, 43, 111, 0.053120583
  57, 201, 36, 24, 0.05310509
  226, 156, 92, 36, 0.053101696
  31, 213, 147, 75, 0.053076781
  324, 73, 67, 197, 0.053066965
  1, 320, 102, 57, 0.053010747
  171, 163, 45, 15, 0.052957661
  341, 89, 76, 51, 0.052891731
  310, 97, 52, 36, 0.052859508
  220, 157, 94, 64, 0.052854612
  191, 117, 49, 123, 0.052767169
  230, 84, 77, 81, 0.052698195
  1, 293, 153, 83, 0.052526254
  189, 6, 101, 193, 0.052521907
  161, 155, 60, 63, 0.052406758
  72, 209, 116, 167, 0.052384399
  190, 96, 131, 67, 0.052356891
  211, 125, 215, 77, 0.052290257
  159, 156, 105, 131, 0.052284751
  233, 205, 68, 35, 0.052261204
  437, 256, 62, 33, 0.052246809
  380, 32, 112, 102, 0.052158091
  406, 114, 99, 69, 0.052123997
  172, 117, 96, 71, 0.052103478
  233, 214, 79, 75, 0.052072763
  302, 103, 166, 253, 0.052052483
  43, 189, 22, 36, 0.052020457
  43, 201, 22, 36, 0.052020457
  201, 184, 64, 53, 0.052015442
  199, 184, 48, 57, 0.051980387
  273, 253, 35, 31, 0.05190064
  68, 309, 33, 67, 0.051808465
  483, 176, 25, 51, 0.051729254
  1, 301, 57, 51, 0.051653214
  235, 220, 63, 28, 0.051652566
  201, 167, 237, 112, 0.051578231
  269, 256, 66, 36, 0.051573396
  379, 55, 59, 108, 0.051468201
  256, 243, 45, 17, 0.051461406
  174, 118, 89, 157, 0.051343419
  34, 267, 70, 81, 0.051323112
  233, 186, 71, 74, 0.051312089
  340, 55, 115, 109, 0.051213913
  332, 125, 119, 186, 0.051170804
  462, 214, 45, 51, 0.051103398
  324, 151, 63, 117, 0.051096871
  310, 52, 61, 81, 0.051015969
  171, 160, 49, 24, 0.050950103
  199, 214, 31, 25, 0.050905965
  316, 197, 150, 114, 0.050881844
  381, 56, 32, 24, 0.050851628
  121, 136, 53, 38, 0.05078451
  76, 293, 27, 86, 0.050758585
  466, 186, 43, 43, 0.050734833
  148, 126, 106, 156, 0.050698332
  47, 201, 17, 45, 0.050651055
  318, 34, 178, 106, 0.050622445
  191, 116, 48, 43, 0.050620954
  75, 238, 142, 57, 0.050612431
  58, 196, 31, 28, 0.050576977
  233, 97, 49, 68, 0.05057187
  53, 185, 43, 39, 0.050556537
  439, 86, 70, 176, 0.050499514
  1, 298, 40, 55, 0.050472956
  14, 222, 191, 71, 0.050471488
  211, 148, 57, 54, 0.050430864
  68, 276, 37, 72, 0.050414413
  194, 138, 120, 61, 0.050394926
  319, 91, 99, 73, 0.050388508
  325, 223, 187, 132, 0.050360419
  248, 13, 172, 123, 0.050324224
  4, 259, 96, 52, 0.050307002
  157, 159, 60, 53, 0.050291829
  233, 178, 83, 92, 0.05029016
  316, 265, 25, 28, 0.050244451
  326, 46, 73, 99, 0.050227754
  473, 173, 33, 56, 0.050221138
  145, 97, 115, 133, 0.050220016
  208, 148, 58, 86, 0.050105743
  202, 75, 66, 159, 0.050097212
  341, 101, 31, 35, 0.05003674
  255, 99, 172, 85, 0.049992003
  157, 159, 66, 31, 0.049990203
  467, 172, 39, 90, 0.049983963
  32, 209, 149, 53, 0.049982026
  341, 102, 82, 34, 0.049981654
  161, 158, 102, 41, 0.049975365
  196, 214, 139, 75, 0.049967844
  174, 97, 87, 138, 0.049953513
  201, 192, 99, 60, 0.049945105
  364, 88, 54, 75, 0.049934894
  72, 244, 143, 132, 0.049926952
  211, 125, 84, 74, 0.049854394
  378, 17, 131, 231, 0.049771056
  16, 222, 197, 95, 0.049769457
  302, 173, 39, 80, 0.04970327
  378, 86, 40, 77, 0.049696788
  387, 89, 31, 74, 0.049598321
  324, 55, 85, 215, 0.0495793
  280, 122, 138, 55, 0.049567223
  235, 226, 31, 31, 0.049518742
  29, 201, 36, 24, 0.049441233
  71, 261, 174, 123, 0.049423214
  58, 197, 24, 32, 0.049307104
  326, 59, 65, 128, 0.049253918
  338, 100, 86, 64, 0.049166884
  478, 181, 30, 49, 0.049085144
  56, 186, 38, 48, 0.049067356
  181, 215, 127, 49, 0.048970934
  324, 4, 169, 129, 0.048964057
  323, 100, 109, 173, 0.048952542
  199, 181, 51, 72, 0.048917949
  247, 83, 77, 185, 0.048874483
  322, 184, 144, 73, 0.048841052
  93, 301, 39, 76, 0.048828907
  97, 297, 185, 87, 0.048812427
  69, 36, 304, 129, 0.048741672
  322, 185, 186, 67, 0.048735835
  409, 126, 21, 40, 0.048511412
  40, 181, 27, 44, 0.048426244
  70, 324, 37, 57, 0.048422012
  316, 265, 39, 27, 0.048415601
  1, 107, 139, 201, 0.048393589
  110, 136, 67, 67, 0.048392817
  410, 232, 79, 99, 0.048374169
  195, 154, 119, 69, 0.048370883
  161, 103, 42, 64, 0.048367273
  206, 96, 109, 101, 0.048359439
  409, 127, 24, 45, 0.048351023
  24, 280, 81, 67, 0.048261967
  435, 189, 77, 120, 0.048260093
  324, 47, 47, 90, 0.048229698
  457, 193, 50, 38, 0.048206165
  304, 256, 31, 37, 0.048140265
  256, 220, 51, 48, 0.047822841
  81, 220, 40, 67, 0.04775906
  331, 82, 32, 55, 0.047730986
  30, 260, 84, 117, 0.047691476
  215, 165, 45, 64, 0.047683198
  214, 77, 33, 74, 0.047661912
  189, 125, 35, 35, 0.047548231
  207, 71, 38, 82, 0.047528762
  250, 82, 72, 69, 0.047525726
  367, 55, 31, 31, 0.047490872
  317, 89, 174, 47, 0.047488187
  202, 67, 47, 111, 0.047398731
  313, 114, 153, 168, 0.047298208
  187, 233, 152, 73, 0.047298137
  151, 103, 51, 57, 0.047294941
  202, 97, 47, 88, 0.047276884
  191, 125, 22, 32, 0.047183312
  196, 118, 72, 69, 0.047121421
  251, 231, 72, 35, 0.046977393
  1, 19, 173, 286, 0.04694695
  231, 158, 57, 23, 0.046929438
  160, 159, 105, 71, 0.046797931
  301, 166, 41, 102, 0.046697553
  25, 185, 68, 39, 0.046646934
  110, 125, 172, 112, 0.046624891
  157, 102, 82, 135, 0.046578243
  185, 88, 68, 70, 0.046541758
  316, 244, 23, 48, 0.046507843
  116, 82, 101, 215, 0.046502247
  281, 125, 68, 55, 0.046480697
  29, 197, 39, 31, 0.04647791
  236, 213, 40, 17, 0.04646498
  133, 136, 42, 55, 0.046402439
  193, 156, 72, 43, 0.046383429
  340, 73, 43, 60, 0.046251178
  461, 172, 45, 105, 0.046206757
  325, 52, 58, 81, 0.04613718
  231, 222, 122, 43, 0.04612131
  297, 9, 75, 123, 0.046119034
  221, 165, 97, 35, 0.046069473
  1, 287, 24, 66, 0.046040159
  109, 118, 130, 124, 0.046028573
  1, 69, 139, 311, 0.045999501
  409, 115, 38, 61, 0.045932382
  64, 106, 33, 107, 0.04583374
  205, 142, 90, 55, 0.045752574
  295, 96, 90, 176, 0.045694914
  207, 138, 108, 49, 0.045684993
  334, 196, 75, 74, 0.045655455
  216, 142, 98, 55, 0.045636993
  328, 71, 64, 72, 0.045469411
  324, 136, 76, 135, 0.045449868
  115, 251, 58, 44, 0.045428324
  125, 223, 40, 20, 0.045416694
  211, 187, 49, 44, 0.045342166
  229, 131, 40, 22, 0.045220066
  414, 68, 78, 64, 0.045216441
  316, 182, 51, 129, 0.045170281
  406, 136, 103, 154, 0.045158476
  191, 168, 77, 35, 0.045145966
  1, 280, 49, 72, 0.045076929
  1, 289, 33, 66, 0.045053292
  241, 157, 55, 17, 0.045032583
  1, 267, 64, 85, 0.045015782
  451, 166, 55, 99, 0.045010857
  161, 163, 44, 33, 0.044993706
  339, 197, 126, 55, 0.044937558
  165, 105, 37, 74, 0.04487988
  231, 97, 37, 78, 0.044868633
  409, 127, 55, 36, 0.044809077
  221, 181, 45, 17, 0.044768367
  467, 172, 40, 64, 0.044762421
  147, 149, 149, 55, 0.044724159
  389, 1, 104, 131, 0.044709332
  238, 94, 45, 51, 0.044693321
  456, 186, 53, 48, 0.044673543
  207, 91, 38, 87, 0.044667188
  316, 188, 64, 117, 0.044574209
  201, 161, 45, 76, 0.04450909
  193, 168, 76, 57, 0.044475343
  15, 182, 139, 198, 0.044459984
  99, 296, 37, 82, 0.044444334
  315, 157, 92, 97, 0.044438533
  269, 256, 54, 23, 0.044315729
  199, 214, 136, 106, 0.044299468
  313, 136, 105, 161, 0.044241492
  147, 14, 118, 187, 0.044172537
  220, 100, 103, 73, 0.044063486
  381, 57, 55, 21, 0.044052951
  409, 120, 96, 47, 0.044002272
  235, 205, 57, 25, 0.043955393
  211, 199, 34, 31, 0.04394288
  64, 91, 73, 99, 0.043881621
  112, 247, 75, 48, 0.043815922
  258, 229, 22, 40, 0.043751944
  40, 201, 27, 44, 0.043749049
  7, 259, 76, 40, 0.0436901
  286, 16, 127, 127, 0.043665648
  256, 221, 24, 44, 0.043639034
  187, 214, 94, 106, 0.043629792
  213, 166, 78, 33, 0.043606646
  190, 126, 27, 39, 0.043587837
  129, 184, 135, 88, 0.0435725
  319, 115, 99, 61, 0.043519232
  241, 157, 55, 28, 0.043449949
  97, 205, 133, 106, 0.043418199
  27, 215, 79, 162, 0.043405
  439, 90, 52, 86, 0.043399911
  47, 176, 19, 50, 0.043377027
  133, 250, 40, 43, 0.043315675
  220, 161, 47, 72, 0.043284923
  341, 101, 43, 43, 0.043263279
  180, 215, 332, 163, 0.043222394
  80, 156, 141, 47, 0.043163434
  195, 199, 116, 63, 0.043114088
  195, 117, 54, 135, 0.04310346
  211, 187, 82, 43, 0.043071691
  331, 101, 43, 43, 0.043008544
  169, 120, 72, 49, 0.042959586
  258, 178, 110, 92, 0.042936016
  192, 214, 54, 23, 0.04289053
  324, 100, 115, 235, 0.042867921
  147, 154, 77, 58, 0.042851474
  161, 156, 153, 57, 0.042745311
  410, 31, 81, 99, 0.042693257
  334, 182, 64, 90, 0.042686798
  202, 97, 54, 54, 0.042672914
  205, 189, 43, 43, 0.042638622
  256, 136, 97, 161, 0.04260866
  145, 222, 194, 105, 0.042592
  261, 256, 60, 26, 0.04253732
  378, 56, 35, 97, 0.042493355
  36, 181, 53, 43, 0.042419747
  345, 73, 39, 35, 0.04240182
  200, 148, 49, 105, 0.0423733
  361, 55, 60, 176, 0.042364355
  60, 184, 101, 194, 0.042358041
  358, 77, 61, 90, 0.042344563
  409, 173, 39, 123, 0.042296622
  381, 56, 53, 38, 0.042288907
  409, 273, 80, 49, 0.042199358
  324, 184, 71, 71, 0.042152219
  202, 120, 47, 114, 0.042126372
  315, 188, 106, 124, 0.042117581
  191, 118, 32, 67, 0.042033203
  69, 13, 304, 131, 0.042021222
  409, 87, 93, 77, 0.041967168
  379, 11, 68, 152, 0.041915651
  184, 119, 61, 99, 0.041898564
  179, 125, 24, 32, 0.041827615
  174, 14, 132, 183, 0.041822556
  155, 126, 77, 91, 0.041792527
  182, 118, 103, 67, 0.041762497
  409, 115, 54, 60, 0.041659866
  173, 123, 111, 45, 0.041584589
  381, 49, 101, 101, 0.041571386
  406, 303, 101, 48, 0.041564308
  205, 155, 90, 29, 0.041508127
  301, 173, 33, 94, 0.041506331
  271, 256, 30, 39, 0.041500334
  259, 256, 75, 48, 0.04146206
  489, 193, 21, 70, 0.041434549
  485, 181, 25, 49, 0.041383788
  340, 34, 57, 51, 0.041371692
  193, 79, 42, 55, 0.041279573
  319, 101, 58, 36, 0.041263856
  211, 186, 33, 44, 0.041238457
  115, 124, 107, 211, 0.041236732
  168, 148, 98, 52, 0.041235987
  129, 221, 35, 31, 0.041226115
  136, 160, 129, 51, 0.041208003
  324, 170, 63, 140, 0.041170448
  231, 211, 72, 37, 0.041118812
  445, 194, 64, 41, 0.041115899
  387, 103, 34, 61, 0.041044731
  115, 97, 130, 115, 0.04103025
  29, 201, 35, 35, 0.040978193
  316, 99, 71, 172, 0.040971618
  194, 149, 49, 88, 0.040845767
  282, 95, 85, 176, 0.040812977
  439, 172, 69, 69, 0.040755201
  191, 125, 92, 40, 0.040717922
  186, 126, 43, 38, 0.040700067
  111, 223, 55, 17, 0.040686391
  436, 222, 74, 68, 0.040681895
  318, 77, 43, 60, 0.040666439
  5, 24, 204, 178, 0.040659603
  109, 136, 72, 53, 0.040647417
  53, 197, 43, 31, 0.040608026
  209, 205, 39, 31, 0.040573388
  311, 73, 63, 105, 0.04056602
  457, 196, 55, 114, 0.040528376
  185, 116, 17, 45, 0.040409897
  110, 125, 106, 114, 0.04040803
  233, 138, 84, 43, 0.040258467
  439, 211, 28, 31, 0.040231258
  346, 57, 57, 120, 0.040171247
  191, 162, 102, 37, 0.040167909
  316, 102, 102, 42, 0.040156599
  316, 265, 22, 36, 0.040070571
  123, 105, 199, 76, 0.040047362
  213, 97, 55, 76, 0.040025633
  161, 165, 39, 43, 0.040017206
  264, 157, 80, 114, 0.040010273
  192, 46, 55, 138, 0.039987102
  294, 9, 104, 123, 0.039871112
  256, 144, 61, 107, 0.039847318
  257, 256, 57, 22, 0.039842423
  406, 299, 100, 71, 0.039822496
  276, 157, 93, 111, 0.039780784
  206, 115, 40, 17, 0.039758589
  334, 182, 105, 88, 0.039753534
  121, 125, 118, 92, 0.039724253
  129, 214, 135, 44, 0.039705396
  332, 127, 86, 203, 0.039696623
  68, 262, 59, 114, 0.039679214
  334, 197, 29, 78, 0.03963872
  116, 247, 97, 36, 0.039588332
  151, 117, 52, 40, 0.039562047
  435, 146, 77, 163, 0.039545808
  26, 185, 47, 64, 0.03954035
  229, 131, 67, 38, 0.03951557
  196, 214, 54, 30, 0.039500214
  241, 143, 77, 77, 0.039497979
  67, 105, 33, 86, 0.039492466
  421, 111, 61, 32, 0.039454188
  256, 143, 63, 143, 0.039424729
  307, 188, 102, 85, 0.03940228
  419, 190, 89, 55, 0.039336435
  116, 118, 127, 60, 0.039312918
  166, 126, 36, 49, 0.039240289
  146, 82, 100, 212, 0.039203208
  16, 185, 79, 176, 0.039183602
  346, 172, 39, 27, 0.039166223
  436, 24, 55, 99, 0.039079003
  109, 137, 123, 76, 0.039051026
  146, 8, 153, 246, 0.039025687
  160, 149, 73, 94, 0.038989197
  221, 97, 39, 35, 0.038949598
  317, 125, 76, 51, 0.038902815
  273, 82, 99, 212, 0.038864702
  131, 76, 108, 161, 0.038862146
  147, 156, 75, 84, 0.038833406
  29, 184, 40, 49, 0.038831696
  117, 244, 97, 129, 0.038625523
  229, 157, 53, 80, 0.038619656
  346, 161, 40, 17, 0.038575757
  406, 126, 43, 48, 0.038566399
  121, 157, 100, 121, 0.038439684
  172, 111, 30, 49, 0.038410131
  26, 196, 43, 38, 0.038318478
  34, 185, 34, 62, 0.038309578
  154, 159, 61, 116, 0.038306989
  406, 273, 100, 69, 0.038302727
  201, 233, 112, 36, 0.038297132
  349, 171, 36, 22, 0.038285483
  303, 238, 36, 55, 0.038284242
  165, 117, 39, 43, 0.038218398
  381, 55, 60, 51, 0.038196284
  116, 92, 166, 92, 0.038157973
  341, 114, 80, 49, 0.038142145
  133, 121, 163, 57, 0.038084131
  341, 85, 77, 114, 0.03807376
  231, 157, 55, 17, 0.038072299
  296, 34, 101, 110, 0.038040426
  344, 183, 24, 60, 0.038029823
  26, 262, 96, 88, 0.037970491
  430, 238, 60, 51, 0.037941139
  199, 148, 55, 132, 0.037919164
  478, 191, 30, 44, 0.037906975
  221, 167, 82, 36, 0.037892394
  195, 168, 105, 57, 0.037824422
  156, 160, 90, 81, 0.037786603
  367, 56, 30, 44, 0.037741721
  457, 166, 50, 68, 0.037680633
  163, 109, 49, 68, 0.037655391
  192, 214, 75, 68, 0.037567489
  107, 12, 160, 247, 0.037551619
  67, 105, 61, 85, 0.037515026
  256, 165, 61, 48, 0.037459519
  317, 125, 31, 31, 0.037441973
  436, 273, 55, 44, 0.03743051
  109, 126, 105, 77, 0.037425663
  341, 101, 64, 61, 0.037416186
  326, 71, 34, 72, 0.037307229
  436, 196, 73, 93, 0.037274197
  178, 119, 61, 44, 0.037239484
  203, 172, 44, 58, 0.037231438
  367, 46, 30, 39, 0.037148856
  381, 57, 31, 35, 0.037130203
  342, 90, 150, 88, 0.037112571
  429, 261, 62, 31, 0.03707647
  220, 106, 129, 43, 0.037065048
  87, 323, 68, 61, 0.037038468
  319, 87, 175, 79, 0.036960054
  77, 214, 90, 55, 0.036955047
  64, 185, 24, 36, 0.036879923
  317, 99, 78, 37, 0.036868017
  424, 189, 83, 73, 0.036834858
  445, 187, 64, 41, 0.036827747
  282, 131, 120, 49, 0.036824469
  16, 99, 71, 181, 0.036795519
  159, 76, 73, 167, 0.036742203
  238, 97, 24, 44, 0.036661137
  63, 97, 186, 75, 0.036629923
  427, 223, 85, 156, 0.036629744
  208, 136, 75, 63, 0.036614131
  196, 206, 58, 48, 0.036607705
  436, 272, 54, 21, 0.036452595
  129, 157, 88, 84, 0.036450978
  332, 101, 53, 76, 0.036433958
  349, 157, 154, 57, 0.036394659
  346, 21, 51, 64, 0.036370195
  256, 232, 39, 27, 0.03633935
  36, 184, 54, 27, 0.036327019
  134, 256, 168, 60, 0.036299914
  123, 137, 195, 67, 0.036285467
  111, 76, 107, 161, 0.036282834
  335, 73, 40, 61, 0.036222756
  186, 184, 168, 200, 0.03619083
  273, 256, 34, 49, 0.036179163
  190, 125, 27, 74, 0.036167968
  334, 143, 69, 143, 0.036128368
  154, 100, 49, 77, 0.036111906
  199, 154, 63, 72, 0.036047917
  318, 16, 67, 116, 0.036037974
  160, 120, 61, 98, 0.036037259
  328, 97, 33, 78, 0.036017068
  161, 154, 42, 58, 0.035995938
  334, 146, 114, 129, 0.035985362
  378, 43, 84, 127, 0.035928071
  273, 238, 66, 33, 0.035921261
  241, 148, 74, 33, 0.035921108
  235, 188, 204, 83, 0.035861518
  1, 243, 65, 117, 0.035842963
  306, 225, 163, 86, 0.035838913
  334, 162, 86, 150, 0.035831053
  409, 244, 94, 76, 0.03581379
  191, 116, 35, 87, 0.035812043
  29, 201, 39, 43, 0.035808057
  313, 124, 28, 28, 0.035799194
  53, 100, 84, 101, 0.035786565
  126, 246, 48, 48, 0.035729412
  116, 245, 57, 60, 0.035725307
  229, 172, 31, 28, 0.035722204
  185, 118, 81, 55, 0.03572176
  340, 14, 129, 149, 0.035716671
  325, 96, 60, 47, 0.035713978
  282, 102, 81, 85, 0.035713974
  389, 58, 32, 49, 0.035698488
  417, 248, 84, 40, 0.035577919
  25, 184, 68, 55, 0.035506114
  127, 223, 28, 28, 0.035500083
  60, 72, 103, 165, 0.035364538
  206, 149, 112, 33, 0.035362232
  31, 182, 64, 108, 0.035337526
  94, 299, 52, 77, 0.035287529
  421, 195, 87, 39, 0.035254795
  214, 124, 25, 28, 0.035189383
  229, 256, 105, 48, 0.035152443
  291, 162, 94, 140, 0.035075888
  226, 131, 81, 57, 0.035068754
  237, 204, 32, 26, 0.035024688
  337, 190, 57, 63, 0.034976061
  437, 273, 75, 49, 0.034970973
  190, 214, 63, 60, 0.03493461
  81, 165, 102, 38, 0.034923326
  419, 174, 88, 76, 0.03490375
  416, 255, 77, 35, 0.034869067
  426, 233, 40, 17, 0.034852177
  266, 256, 43, 38, 0.034846447
  181, 233, 97, 36, 0.034837283
  343, 169, 43, 72, 0.034831867
  60, 106, 101, 200, 0.03480874
  307, 223, 205, 77, 0.034750577
  331, 196, 33, 92, 0.034666583
  171, 154, 164, 215, 0.034635138
  57, 201, 39, 35, 0.034634132
  148, 141, 68, 143, 0.034621708
  302, 170, 70, 140, 0.034598924
  256, 156, 179, 142, 0.034594115
  348, 57, 49, 96, 0.034587011
  126, 233, 176, 73, 0.034480557
  153, 140, 101, 101, 0.034477629
  133, 265, 34, 28, 0.034438692
  361, 124, 87, 191, 0.034403022
  111, 136, 91, 77, 0.034350913
  324, 102, 77, 81, 0.034337785
  151, 122, 117, 39, 0.034319259
  493, 225, 17, 40, 0.034310374
  313, 265, 20, 40, 0.034265351
  193, 53, 52, 99, 0.034203038
  111, 223, 54, 27, 0.034135111
  58, 181, 20, 44, 0.034102768
  368, 57, 29, 58, 0.03409363
  159, 172, 103, 67, 0.034074981
  115, 100, 103, 67, 0.034060538
  410, 88, 92, 200, 0.034044668
  270, 142, 47, 120, 0.034044091
  115, 99, 117, 87, 0.03395623
  191, 97, 81, 61, 0.033941358
  334, 172, 88, 83, 0.033895932
  236, 202, 39, 30, 0.03389024
  121, 220, 44, 33, 0.033884343
  273, 249, 68, 45, 0.033882413
  77, 194, 74, 28, 0.033866536
  131, 159, 87, 44, 0.033862758
  434, 193, 74, 37, 0.033856034
  318, 101, 43, 60, 0.033793952
  201, 121, 38, 58, 0.033779252
  151, 103, 81, 70, 0.033701912
  313, 265, 58, 27, 0.033673134
  73, 100, 123, 47, 0.033669773
  381, 56, 62, 30, 0.03364218
  173, 157, 43, 43, 0.033619899
  221, 126, 48, 43, 0.033577722
  188, 214, 113, 164, 0.033555351
  295, 125, 55, 36, 0.033471793
  281, 125, 92, 41, 0.033439059
  111, 29, 171, 144, 0.03342969
  257, 223, 88, 45, 0.033353318
  318, 125, 22, 32, 0.03332423
  61, 184, 28, 28, 0.033302706
  148, 167, 114, 45, 0.033254433
  474, 120, 35, 108, 0.033243544
  136, 163, 67, 40, 0.033241604
  236, 156, 58, 38, 0.033211417
  281, 100, 106, 83, 0.033199947
  325, 33, 73, 172, 0.033191007
  1, 281, 40, 82, 0.033160359
  456, 90, 53, 199, 0.033134714
  36, 181, 38, 43, 0.033097256
  258, 166, 105, 136, 0.033048585
  281, 56, 110, 143, 0.033026002
  145, 253, 68, 41, 0.033017874
  16, 196, 53, 48, 0.032991044
  54, 215, 49, 164, 0.032927595
  192, 124, 25, 60, 0.032917645
  166, 126, 58, 48, 0.032883737
  343, 196, 30, 49, 0.032882135
  70, 45, 254, 109, 0.032876343
  235, 199, 31, 31, 0.032821588
  343, 184, 34, 58, 0.032815766
  337, 73, 52, 36, 0.032797325
  170, 157, 47, 84, 0.032785621
  151, 120, 92, 40, 0.032773901
  457, 152, 55, 158, 0.03273344
  319, 124, 31, 28, 0.032711159
  235, 205, 34, 31, 0.032688212
  281, 126, 48, 53, 0.032670587
  325, 101, 47, 76, 0.03264036
  331, 101, 58, 36, 0.032632317
  325, 73, 88, 49, 0.032579884
  389, 57, 24, 36, 0.03257113
  307, 241, 34, 31, 0.032551151
  205, 109, 40, 24, 0.032541908
  87, 322, 21, 54, 0.032535937
  337, 47, 61, 38, 0.032484818
  196, 207, 52, 30, 0.03243459
  369, 46, 17, 40, 0.032429874
  201, 202, 49, 33, 0.032428112
  385, 57, 33, 94, 0.032426409
  316, 271, 25, 28, 0.032425754
  167, 137, 123, 49, 0.032412488
  301, 174, 67, 81, 0.032394923
  310, 265, 25, 28, 0.032392606
  144, 151, 87, 129, 0.032367643
  112, 256, 69, 57, 0.032354165
  71, 100, 107, 33, 0.032345336
  313, 269, 36, 24, 0.032342732
  256, 141, 50, 19, 0.03232019
  81, 236, 53, 53, 0.032302301
  193, 81, 33, 54, 0.032282051
  221, 114, 88, 51, 0.032231495
  71, 4, 196, 129, 0.032228872
  439, 223, 73, 42, 0.032222722
  222, 141, 69, 21, 0.032214146
  73, 70, 197, 91, 0.032193124
  334, 197, 41, 76, 0.032172199
  396, 127, 100, 50, 0.032141551
  424, 186, 88, 102, 0.032065015
  235, 185, 45, 84, 0.032038972
  307, 186, 35, 107, 0.032014057
  205, 213, 43, 39, 0.031957369
  334, 238, 28, 37, 0.031888895
  116, 103, 127, 69, 0.031887937
  94, 322, 19, 54, 0.031855829
  315, 261, 21, 45, 0.031817224
  261, 256, 46, 49, 0.031785533
  261, 256, 78, 23, 0.031785067
  272, 253, 29, 54, 0.031765573
  256, 223, 233, 87, 0.031750169
  204, 176, 111, 55, 0.031695724
  317, 125, 31, 43, 0.031686287
  345, 73, 40, 20, 0.031671766
  60, 191, 123, 49, 0.031637654
  406, 273, 100, 93, 0.031636856
  229, 118, 66, 141, 0.031635374
  87, 134, 97, 101, 0.031582978
  190, 116, 27, 44, 0.031533271
  381, 55, 81, 52, 0.031497966
  206, 138, 136, 64, 0.03148872
  235, 186, 33, 49, 0.031460304
  47, 184, 42, 49, 0.031422105
  359, 77, 24, 32, 0.031420145
  170, 121, 51, 64, 0.031357214
  253, 221, 39, 39, 0.0313382
  52, 184, 48, 51, 0.03133535
  311, 161, 102, 41, 0.031306047
  205, 204, 40, 26, 0.031242469
  16, 68, 71, 157, 0.031231245
  16, 253, 75, 107, 0.031204602
  333, 53, 66, 29, 0.031203911
  326, 26, 71, 61, 0.031197708
  300, 234, 153, 67, 0.031164313
  439, 203, 49, 38, 0.031112775
  458, 194, 54, 153, 0.03110807
  124, 213, 150, 71, 0.03106278
  307, 246, 33, 49, 0.03101249
  199, 117, 45, 76, 0.031000895
  319, 100, 60, 48, 0.030977583
  109, 223, 44, 20, 0.030971527
  213, 126, 32, 24, 0.030960914
  86, 256, 44, 30, 0.030944698
  220, 154, 248, 230, 0.030933317
  245, 226, 19, 40, 0.030926602
  1, 339, 94, 39, 0.030859042
  439, 196, 27, 49, 0.0308096
  438, 7, 61, 117, 0.030789897
  337, 91, 58, 86, 0.03078682
  172, 166, 27, 44, 0.030772543
  131, 215, 77, 43, 0.030755863
  361, 172, 28, 25, 0.030742591
  397, 187, 112, 63, 0.030705575
  204, 213, 26, 36, 0.030703463
  303, 161, 119, 201, 0.030700034
  60, 186, 31, 82, 0.03069428
  60, 90, 142, 73, 0.030632883
  212, 203, 54, 27, 0.030621333
  116, 250, 59, 33, 0.030614393
  322, 195, 52, 99, 0.030613376
  241, 1, 115, 127, 0.03058121
  170, 156, 57, 22, 0.030575257
  340, 148, 148, 109, 0.030511718
  437, 261, 74, 31, 0.030482076
  129, 103, 153, 69, 0.030453542
  205, 106, 34, 31, 0.030438753
  301, 256, 44, 36, 0.030424185
  122, 123, 52, 117, 0.030418482
  349, 159, 99, 153, 0.030393954
  64, 186, 30, 39, 0.030380046
  109, 133, 73, 108, 0.030296873
  61, 324, 41, 57, 0.030267758
  361, 173, 24, 32, 0.030261578
  365, 34, 32, 58, 0.030238472
  76, 211, 78, 78, 0.030226193
  409, 272, 82, 32, 0.030218685
  367, 56, 123, 51, 0.030218385
  126, 293, 55, 19, 0.030173553
  325, 265, 28, 28, 0.030171115
  202, 183, 58, 44, 0.030132646
  56, 186, 83, 191, 0.030111151
  211, 138, 87, 43, 0.030096676
  159, 125, 73, 161, 0.030083593
  148, 120, 135, 49, 0.030050324
  364, 55, 25, 31, 0.030049836
  295, 124, 66, 57, 0.030030167
  166, 151, 55, 15, 0.030019289
  131, 250, 44, 33, 0.030016299
  167, 214, 99, 61, 0.03000433
  380, 304, 128, 57, 0.029983781
  185, 126, 17, 40, 0.029981427
  396, 120, 102, 41, 0.029940989
  313, 99, 185, 85, 0.029935336
  248, 34, 105, 97, 0.029882049
  160, 156, 63, 124, 0.029850319
  296, 246, 43, 43, 0.029829845
  172, 126, 30, 39, 0.029795865
  116, 216, 53, 43, 0.029721687
  436, 271, 55, 28, 0.029712219
  204, 149, 35, 86, 0.029675409
  191, 141, 209, 91, 0.029650537
  109, 222, 58, 35, 0.029642822
  305, 245, 35, 31, 0.029596528
  256, 157, 58, 48, 0.029559081
  157, 165, 66, 37, 0.029554885
  316, 189, 27, 66, 0.029532308
  241, 148, 54, 33, 0.029524006
  153, 112, 68, 55, 0.029431926
  369, 35, 123, 81, 0.029413983
  192, 26, 55, 124, 0.029403143
  82, 222, 25, 63, 0.029388729
  335, 172, 51, 21, 0.029377751
  341, 125, 55, 19, 0.029333003
  391, 87, 108, 66, 0.029323049
  214, 125, 73, 44, 0.029298458
  1, 336, 97, 35, 0.029281611
  61, 289, 42, 58, 0.02925746
  367, 41, 17, 45, 0.029241554
  71, 44, 213, 125, 0.029171253
  153, 4, 107, 248, 0.029170195
  109, 156, 123, 79, 0.029167058
  253, 115, 168, 85, 0.029163459
  421, 195, 68, 51, 0.029142683
  340, 14, 58, 77, 0.029132847
  298, 42, 111, 43, 0.029121667
  49, 196, 17, 50, 0.029108578
  214, 106, 31, 25, 0.029098956
  209, 167, 24, 63, 0.029028015
  238, 221, 27, 44, 0.02902649
  140, 43, 127, 114, 0.029021079
  295, 125, 58, 48, 0.028953457
  306, 125, 45, 17, 0.028943826
  271, 247, 50, 19, 0.028942864
  337, 133, 35, 35, 0.028941864
  273, 244, 66, 33, 0.028925115
  142, 141, 33, 49, 0.02891707
  346, 73, 72, 69, 0.028913295
  189, 85, 43, 47, 0.028894776
  329, 35, 80, 51, 0.028881373
  193, 161, 76, 55, 0.028857237
  153, 141, 21, 50, 0.028795565
  111, 102, 105, 114, 0.02877458
  325, 238, 54, 54, 0.028757751
  226, 161, 40, 19, 0.028755708
  161, 165, 24, 36, 0.02873509
  256, 167, 40, 15, 0.028723428
  381, 57, 82, 37, 0.028704213
  128, 172, 136, 69, 0.02869809
  124, 247, 72, 48, 0.028645294
  341, 162, 54, 88, 0.028634598
  271, 176, 168, 116, 0.02861442
  172, 172, 28, 28, 0.028608581
  439, 231, 33, 54, 0.028589692
  236, 186, 43, 48, 0.028531792
  349, 172, 54, 27, 0.028474784
  363, 45, 20, 40, 0.028456133
  216, 173, 45, 19, 0.028428264
  131, 198, 57, 27, 0.028426951
  417, 187, 90, 42, 0.028396973
  319, 125, 55, 48, 0.028378867
  122, 247, 69, 24, 0.028322596
  191, 111, 19, 50, 0.028319182
  117, 156, 111, 47, 0.028316708
  326, 238, 49, 33, 0.028301256
  218, 97, 24, 40, 0.028296495
  271, 216, 33, 49, 0.028225217
  229, 157, 66, 69, 0.028224984
  115, 13, 209, 121, 0.028221259
  366, 55, 44, 30, 0.028117683
  365, 76, 19, 40, 0.028073788
  361, 55, 89, 260, 0.028053915
  70, 23, 257, 109, 0.028051782
  445, 217, 64, 45, 0.028029639
  40, 185, 53, 56, 0.028015146
  396, 127, 87, 37, 0.028008861
  334, 197, 52, 117, 0.027992021
  215, 130, 54, 23, 0.027980644
  378, 55, 87, 260, 0.027975226
  316, 271, 50, 21, 0.027929706
  191, 81, 36, 107, 0.027924011
  84, 299, 87, 80, 0.027838821
  296, 54, 64, 78, 0.027810419
  161, 141, 72, 53, 0.027757103
  361, 112, 57, 69, 0.027751634
  349, 136, 28, 28, 0.027742267
  317, 124, 34, 55, 0.027705597
  304, 232, 163, 57, 0.027700616
  342, 162, 71, 88, 0.027678018
  10, 46, 79, 239, 0.027651098
  64, 184, 31, 28, 0.027645128
  313, 265, 35, 35, 0.027626814
  256, 232, 57, 48, 0.027584264
  316, 265, 61, 32, 0.027567115
  211, 146, 37, 92, 0.027564175
  199, 170, 50, 117, 0.027556028
  16, 259, 50, 21, 0.027538573
  361, 173, 36, 20, 0.027508279
  171, 160, 45, 114, 0.027506404
  301, 237, 39, 35, 0.027485691
  381, 34, 96, 88, 0.027478835
  346, 46, 54, 33, 0.02746911
  413, 154, 75, 99, 0.027421167
  311, 127, 107, 37, 0.027406439
  153, 130, 84, 55, 0.027332401
  329, 171, 58, 31, 0.027324943
  81, 215, 97, 43, 0.027319314
  355, 76, 28, 25, 0.02729892
  421, 120, 87, 39, 0.027269205
  194, 116, 43, 102, 0.02726323
  261, 14, 122, 136, 0.027193448
  219, 97, 31, 74, 0.027176436
  255, 232, 210, 69, 0.027156953
  349, 118, 28, 25, 0.027147712
  296, 99, 67, 37, 0.027145289
  161, 81, 43, 39, 0.027109049
  215, 125, 51, 25, 0.027078263
  229, 143, 67, 42, 0.027054494
  231, 137, 45, 17, 0.027044661
  331, 86, 43, 58, 0.027042655
  345, 34, 38, 52, 0.02703728
  161, 91, 40, 24, 0.027026819
  127, 223, 58, 32, 0.027020678
  349, 115, 160, 65, 0.027014071
  145, 251, 30, 44, 0.026969541
  257, 165, 37, 64, 0.026968345
  156, 214, 54, 30, 0.026953606
  127, 222, 45, 25, 0.02689958
  381, 26, 17, 50, 0.02681897
  334, 133, 46, 36, 0.026798975
  131, 253, 43, 60, 0.026781371
  1, 79, 88, 136, 0.026746966
  256, 166, 38, 48, 0.026735391
  59, 200, 48, 25, 0.026696945
  322, 15, 87, 71, 0.026686501
  250, 160, 66, 78, 0.026676539
  303, 256, 30, 49, 0.026671987
  325, 162, 141, 88, 0.02662551
  418, 190, 48, 57, 0.026623879
  351, 55, 49, 30, 0.026573157
  331, 129, 22, 36, 0.026562493
  301, 244, 44, 28, 0.026550923
  264, 111, 81, 157, 0.026532207
  124, 298, 57, 60, 0.026479393
  409, 274, 28, 37, 0.026403464
  73, 94, 103, 55, 0.026395628
  56, 192, 82, 33, 0.026366247
  350, 71, 37, 77, 0.026350431
  229, 97, 24, 36, 0.026335064
  236, 189, 24, 40, 0.026330598
  316, 49, 82, 35, 0.026329374
  253, 251, 76, 49, 0.026321007
  439, 177, 39, 76, 0.026309347
  205, 209, 44, 24, 0.026301228
  368, 57, 29, 98, 0.026274318
  146, 161, 53, 43, 0.02625725
  412, 103, 25, 28, 0.02624017
  171, 149, 97, 35, 0.02622438
  307, 25, 102, 61, 0.026172191
  211, 214, 34, 25, 0.026163764
  78, 193, 75, 111, 0.026121031
  16, 214, 124, 100, 0.026116204
  86, 324, 37, 54, 0.026088599
  101, 223, 63, 24, 0.026078494
  43, 193, 28, 31, 0.026075887
  131, 209, 50, 17, 0.026054038
  356, 36, 43, 53, 0.026036967
  129, 221, 74, 35, 0.026029417
  235, 211, 30, 49, 0.025996376
  337, 96, 19, 40, 0.025963265
  53, 176, 17, 50, 0.025947843
  148, 193, 66, 66, 0.025912898
  161, 164, 40, 26, 0.025911923
  229, 92, 67, 107, 0.025878914
  197, 126, 44, 24, 0.025844758
  233, 197, 201, 117, 0.025818022
  160, 161, 43, 64, 0.025803661
  133, 253, 34, 31, 0.025803594
  439, 184, 48, 60, 0.025775142
  346, 5, 64, 81, 0.025758252
  346, 57, 55, 19, 0.025757311
  421, 174, 67, 78, 0.025722694
  358, 76, 27, 39, 0.025716996
  256, 233, 84, 60, 0.025701065
  149, 214, 107, 49, 0.025651583
  72, 210, 57, 167, 0.025600649
  14, 201, 60, 24, 0.025544776
  349, 103, 70, 38, 0.025534935
  351, 73, 36, 55, 0.025508475
  257, 168, 36, 24, 0.025466485
  233, 158, 36, 22, 0.025466284
  381, 46, 54, 30, 0.025457488
  313, 123, 36, 20, 0.025444454
  154, 215, 55, 42, 0.025444238
  373, 14, 25, 63, 0.025438728
  153, 136, 85, 64, 0.025435697
  211, 215, 55, 15, 0.0254227
  153, 136, 90, 36, 0.025413103
  133, 149, 43, 43, 0.025372133
  109, 221, 78, 35, 0.025366599
  257, 232, 88, 39, 0.025356973
  195, 156, 36, 87, 0.025353197
  341, 86, 53, 58, 0.025346713
  364, 13, 33, 74, 0.025338436
  225, 157, 39, 35, 0.025322365
  272, 157, 71, 153, 0.025287021
  273, 248, 40, 20, 0.025275923
  193, 89, 20, 40, 0.025261417
  343, 162, 96, 79, 0.025087824
  296, 249, 45, 19, 0.025065912
  309, 264, 32, 26, 0.025057122
  81, 252, 92, 41, 0.02505682
  171, 126, 45, 117, 0.025051935
  315, 238, 94, 55, 0.025039069
  208, 199, 25, 31, 0.025013361
  316, 236, 105, 73, 0.02501191
  257, 233, 35, 35, 0.02498569
  253, 167, 52, 45, 0.024943646
  307, 259, 61, 32, 0.024935134
  57, 192, 131, 67, 0.024931546
  380, 1, 29, 78, 0.024927748
  393, 113, 25, 82, 0.024923861
  193, 169, 28, 31, 0.02492227
  273, 226, 40, 49, 0.024916051
  409, 273, 61, 38, 0.024912098
  219, 106, 21, 45, 0.024860786
  271, 251, 50, 19, 0.024843693
  420, 177, 51, 76, 0.024834264
  367, 53, 120, 44, 0.024834216
  188, 117, 24, 40, 0.024800647
  333, 238, 30, 55, 0.024791745
  40, 298, 141, 39, 0.024790911
  124, 247, 67, 36, 0.024785792
  174, 169, 26, 36, 0.024782501
  361, 173, 35, 31, 0.024768723
  380, 22, 72, 99, 0.024695817
  205, 186, 30, 44, 0.024690494
  173, 169, 43, 43, 0.024562301
  418, 234, 77, 88, 0.024546748
  409, 106, 40, 24, 0.024538798
  406, 100, 44, 30, 0.024501273
  148, 193, 108, 61, 0.024489533
  367, 49, 31, 28, 0.024466341
  81, 280, 49, 27, 0.024450215
  459, 105, 51, 135, 0.024444526
  36, 185, 50, 21, 0.024436915
  86, 301, 40, 75, 0.024428867
  366, 91, 53, 53, 0.024408197
  28, 110, 55, 95, 0.024406474
  367, 57, 76, 36, 0.024349872
  397, 126, 27, 39, 0.024319071
  271, 248, 67, 64, 0.024300294
  356, 57, 55, 19, 0.024269862
  158, 5, 89, 194, 0.024182269
  361, 173, 45, 17, 0.024173846
  404, 218, 63, 27, 0.024151405
  118, 163, 97, 221, 0.02403326
  49, 196, 75, 181, 0.024029873
  361, 45, 39, 31, 0.02401899
  81, 215, 87, 33, 0.023991225
  326, 247, 49, 27, 0.023977891
  381, 44, 60, 49, 0.02397641
  111, 137, 132, 47, 0.023961727
  133, 262, 60, 53, 0.023887232
  438, 31, 71, 93, 0.023848061
  337, 101, 49, 160, 0.02383803
  412, 97, 25, 31, 0.023833519
  196, 113, 50, 19, 0.023758948
  229, 165, 31, 66, 0.02375192
  394, 37, 25, 31, 0.023746509
  395, 56, 15, 40, 0.023746509
  358, 41, 30, 44, 0.023691611
  229, 190, 31, 37, 0.023679955
  129, 213, 39, 31, 0.023673486
  389, 57, 39, 35, 0.023654196
  161, 161, 21, 45, 0.023629725
  379, 52, 31, 25, 0.023587145
  381, 5, 39, 72, 0.023580486
  317, 124, 24, 48, 0.023539672
  379, 50, 81, 77, 0.023518151
  334, 247, 25, 28, 0.023509281
  325, 265, 31, 35, 0.023475457
  326, 236, 48, 48, 0.023464683
  317, 76, 44, 117, 0.023456531
  337, 101, 27, 78, 0.023454556
  341, 136, 32, 24, 0.023425046
  184, 5, 215, 112, 0.023331273
  73, 46, 135, 74, 0.023323679
  199, 40, 69, 54, 0.023307869
  1, 268, 103, 64, 0.023257799
  346, 171, 43, 43, 0.023254214
  325, 214, 141, 67, 0.023223698
  366, 187, 83, 123, 0.023205373
  196, 121, 48, 43, 0.023184409
  208, 172, 73, 85, 0.023160219
  325, 129, 31, 43, 0.023157973
  336, 133, 59, 33, 0.023142818
  321, 246, 19, 45, 0.023104263
  160, 161, 30, 44, 0.023045655
  336, 77, 50, 21, 0.022976093
  107, 114, 67, 179, 0.022971258
  319, 121, 19, 45, 0.022920085
  216, 86, 48, 53, 0.022876551
  173, 199, 34, 67, 0.022872651
  306, 121, 43, 48, 0.022872334
  316, 261, 77, 33, 0.022863219
  361, 56, 36, 22, 0.022856383
  204, 121, 39, 97, 0.022853216
  308, 245, 20, 44, 0.02282648
  324, 236, 71, 57, 0.022816122
  271, 245, 51, 68, 0.022807153
  306, 256, 77, 37, 0.022791825
  171, 148, 54, 36, 0.022790356
  116, 260, 97, 37, 0.022781763
  221, 86, 21, 55, 0.022770857
  73, 187, 69, 99, 0.022752278
  316, 268, 39, 30, 0.022726743
  58, 183, 111, 81, 0.022720935
  307, 248, 120, 52, 0.022708857
  223, 190, 31, 37, 0.022638075
  309, 17, 51, 120, 0.022630205
  235, 214, 213, 65, 0.022617536
  413, 93, 20, 36, 0.022568192
  413, 86, 17, 40, 0.022568192
  379, 41, 75, 68, 0.022529377
  291, 33, 81, 168, 0.022516405
  466, 229, 44, 33, 0.022510292
  109, 159, 62, 31, 0.022495454
  313, 253, 20, 40, 0.022472683
  398, 113, 20, 40, 0.022458274
  295, 7, 57, 129, 0.022453623
  369, 19, 40, 67, 0.022423929
  145, 160, 31, 31, 0.022423333
  256, 223, 55, 68, 0.022389399
  334, 237, 41, 52, 0.022371234
  373, 37, 39, 39, 0.022366749
  189, 141, 43, 43, 0.022364488
  206, 35, 39, 117, 0.022353077
  398, 188, 67, 64, 0.02233725
  85, 222, 82, 35, 0.022221442
  365, 1, 45, 84, 0.022191323
  337, 118, 74, 27, 0.022164358
  161, 206, 48, 48, 0.022146206
  176, 167, 45, 19, 0.022117056
  316, 115, 45, 21, 0.022091469
  24, 12, 244, 118, 0.022084372
  253, 165, 39, 31, 0.022081058
  181, 166, 19, 40, 0.02207968
  256, 245, 55, 17, 0.022045184
  271, 244, 31, 25, 0.022041133
  241, 157, 60, 57, 0.021987492
  413, 91, 17, 45, 0.02195953
  235, 256, 72, 54, 0.02192764
  274, 35, 136, 53, 0.02191804
  381, 104, 36, 24, 0.021915609
  193, 156, 30, 44, 0.02191142
  146, 261, 48, 53, 0.02190811
  271, 231, 30, 44, 0.021886311
  343, 37, 67, 42, 0.021879045
  124, 247, 72, 66, 0.021846225
  97, 214, 68, 45, 0.021811293
  214, 56, 31, 97, 0.02180852
  221, 86, 19, 45, 0.021805657
  381, 46, 81, 46, 0.021792084
  217, 97, 52, 40, 0.021748461
  161, 70, 44, 52, 0.021709505
  388, 58, 31, 28, 0.021706967
  185, 46, 81, 49, 0.021688394
  1, 259, 66, 69, 0.02167483
  165, 169, 39, 43, 0.021672884
  195, 169, 36, 61, 0.021666551
  7, 277, 98, 61, 0.021655489
  361, 171, 27, 44, 0.021653421
  364, 33, 19, 54, 0.021647312
  236, 261, 97, 33, 0.021642981
  341, 8, 57, 135, 0.021641592
  193, 88, 28, 37, 0.021620831
  436, 221, 50, 19, 0.021557102
  381, 8, 21, 69, 0.021539984
  316, 166, 72, 37, 0.021533478
  193, 1, 121, 115, 0.021495523
  337, 129, 40, 24, 0.021443328
  437, 272, 75, 32, 0.021440813
  115, 147, 61, 44, 0.021440087
  58, 201, 49, 32, 0.021440012
  446, 217, 40, 17, 0.021437805
  215, 92, 25, 60, 0.021396751
  341, 73, 39, 39, 0.021387
  494, 222, 15, 60, 0.02134514
  331, 126, 17, 40, 0.021342233
  239, 233, 26, 36, 0.021334441
  396, 49, 40, 19, 0.021332826
  395, 26, 15, 45, 0.021332826
  403, 205, 64, 40, 0.021325704
  82, 289, 136, 88, 0.021306286
  371, 100, 49, 27, 0.021286363
  381, 46, 82, 31, 0.021271527
  191, 106, 94, 67, 0.02126871
  418, 222, 74, 68, 0.021263948
  289, 16, 121, 71, 0.021254601
  328, 101, 24, 36, 0.021250969
  276, 170, 91, 140, 0.02122912
  308, 229, 20, 36, 0.021211749
  79, 245, 52, 42, 0.021210613
  325, 112, 31, 25, 0.021209078
  125, 218, 40, 22, 0.021186776
  361, 128, 60, 168, 0.02118526
  255, 238, 66, 27, 0.021182837
  217, 124, 36, 26, 0.021181451
  307, 160, 128, 51, 0.021171665
  430, 238, 61, 76, 0.021157578
  118, 261, 22, 44, 0.021151165
  133, 245, 47, 35, 0.021147059
  211, 189, 24, 44, 0.021102684
  73, 289, 112, 88, 0.021097932
  379, 44, 73, 98, 0.02109457
  349, 136, 40, 24, 0.021057887
  333, 246, 32, 24, 0.02103596
  406, 94, 44, 33, 0.021014515
  457, 223, 55, 161, 0.020995002
  167, 92, 55, 126, 0.020954534
  310, 121, 30, 44, 0.020938769
  302, 196, 37, 97, 0.020919571
  325, 56, 35, 82, 0.020902099
  286, 125, 122, 35, 0.020899039
  316, 265, 60, 17, 0.020869667
  184, 235, 25, 31, 0.020867713
  273, 237, 39, 39, 0.020856313
  181, 157, 43, 43, 0.020828614
  286, 121, 58, 53, 0.020807147
  115, 118, 63, 141, 0.020779867
  86, 149, 147, 43, 0.02071665
  379, 120, 42, 117, 0.020680087
  72, 34, 161, 139, 0.020661678
  361, 172, 44, 27, 0.020651216
  396, 57, 22, 36, 0.020644974
  409, 195, 39, 117, 0.02056472
  156, 220, 49, 24, 0.020530006
  331, 127, 64, 34, 0.020525951
  81, 221, 53, 48, 0.020497492
  25, 88, 57, 128, 0.020478139
  196, 30, 204, 69, 0.020471033
  430, 247, 60, 57, 0.020458793
  410, 197, 101, 100, 0.020422971
  127, 193, 55, 36, 0.020412425
  133, 263, 32, 20, 0.020409118
  381, 55, 30, 52, 0.020402685
  326, 78, 87, 37, 0.020344052
  326, 234, 135, 45, 0.020317981
  365, 27, 23, 60, 0.020310534
  145, 247, 60, 57, 0.02030834
  307, 238, 69, 60, 0.020307835
  145, 253, 28, 31, 0.020297913
  229, 136, 40, 24, 0.02028018
  407, 76, 21, 50, 0.020272167
  112, 103, 25, 28, 0.02023479
  335, 136, 60, 24, 0.020233665
  316, 262, 107, 38, 0.02021816
  33, 268, 32, 61, 0.020198772
  313, 159, 123, 69, 0.020175906
  236, 165, 55, 17, 0.020147802
  377, 148, 36, 22, 0.020076662
  32, 269, 149, 71, 0.020052362
  387, 22, 45, 99, 0.020048745
  165, 209, 47, 35, 0.019999916
  406, 268, 57, 48, 0.019986207
  377, 91, 40, 49, 0.019985992
  156, 221, 40, 19, 0.019965846
  273, 233, 68, 49, 0.019944686
  361, 173, 24, 51, 0.019921683
  161, 171, 40, 24, 0.019908898
  342, 181, 40, 82, 0.019888433
  118, 213, 49, 84, 0.0198828
  156, 217, 22, 36, 0.019865384
  281, 82, 43, 105, 0.019853966
  316, 257, 24, 45, 0.019822933
  233, 189, 122, 195, 0.01980379
  348, 118, 45, 27, 0.019795664
  295, 100, 66, 66, 0.01977567
  57, 199, 36, 46, 0.019774955
  301, 129, 50, 17, 0.019773399
  97, 259, 31, 31, 0.019755136
  181, 167, 45, 17, 0.019716691
  439, 65, 73, 60, 0.019665575
  369, 1, 31, 78, 0.019659858
  346, 52, 25, 31, 0.01964331
  258, 231, 24, 48, 0.019584849
  281, 141, 48, 43, 0.019579481
  76, 205, 55, 19, 0.019528246
  101, 126, 36, 26, 0.019527303
  382, 21, 27, 49, 0.019520333
  457, 89, 35, 43, 0.019514238
  305, 248, 68, 45, 0.019512817
  57, 277, 37, 70, 0.019507254
  347, 172, 90, 39, 0.01950264
  197, 220, 80, 53, 0.019467471
  313, 249, 80, 49, 0.019367492
  317, 133, 58, 33, 0.019366641
  372, 162, 114, 92, 0.019362634
  4, 259, 75, 57, 0.019355709
  233, 161, 32, 74, 0.019316651
  396, 29, 22, 40, 0.019302024
  175, 201, 33, 44, 0.019296017
  316, 246, 53, 53, 0.019276673
  211, 206, 33, 39, 0.019275617
  411, 115, 50, 17, 0.019269038
  236, 226, 49, 33, 0.019263012
  133, 253, 20, 32, 0.019244045
  97, 125, 39, 35, 0.019192139
  180, 121, 43, 97, 0.019186078
  257, 157, 35, 31, 0.019149261
  396, 264, 100, 50, 0.019145878
  208, 96, 33, 54, 0.019131111
  478, 229, 28, 34, 0.019097434
  376, 109, 45, 17, 0.01905435
  201, 190, 54, 33, 0.019051714
  271, 250, 31, 25, 0.019048022
  121, 251, 45, 21, 0.019032121
  217, 193, 31, 34, 0.019030418
  349, 163, 36, 20, 0.01902852
  381, 26, 48, 53, 0.018994117
  196, 57, 117, 38, 0.018978421
  153, 221, 36, 24, 0.018975921
  193, 229, 20, 44, 0.018955613
  388, 45, 45, 68, 0.018935502
  407, 82, 40, 49, 0.018927721
  169, 91, 31, 28, 0.018919498
  168, 126, 35, 92, 0.018916083
  111, 215, 51, 27, 0.018903079
  184, 13, 227, 85, 0.018866017
  274, 114, 63, 21, 0.018851338
  401, 263, 92, 37, 0.018834192
  185, 233, 39, 39, 0.018756831
  326, 237, 87, 39, 0.018729651
  292, 113, 57, 72, 0.018726103
  349, 168, 36, 20, 0.018725535
  289, 257, 39, 35, 0.018690992
  205, 199, 42, 49, 0.018686466
  245, 229, 39, 31, 0.018672518
  313, 244, 28, 28, 0.018665321
  197, 46, 114, 51, 0.018649587
  437, 256, 75, 59, 0.018642677
  186, 141, 55, 19, 0.018631419
  269, 233, 39, 43, 0.018618524
  354, 61, 41, 102, 0.018596159
  423, 219, 63, 21, 0.018585496
  369, 16, 120, 90, 0.018563254
  388, 37, 28, 31, 0.01853035
  145, 262, 64, 53, 0.018517317
  316, 112, 102, 35, 0.01851335
  347, 163, 90, 52, 0.018497398
  256, 146, 38, 102, 0.018492205
  325, 251, 52, 40, 0.018486938
  153, 221, 35, 35, 0.018466737
  356, 26, 53, 53, 0.018453315
  331, 129, 45, 19, 0.01844947
  346, 166, 97, 41, 0.018425398
  425, 233, 40, 24, 0.018365784
  40, 181, 34, 28, 0.018360257
  331, 126, 53, 43, 0.018357959
  253, 132, 92, 49, 0.018332073
  386, 40, 44, 27, 0.018319644
  145, 261, 30, 44, 0.01826969
  325, 161, 61, 40, 0.018151661
  191, 96, 53, 53, 0.018147159
  389, 5, 52, 135, 0.018138971
  115, 103, 28, 28, 0.018105965
  326, 183, 45, 17, 0.018099118
  381, 28, 81, 49, 0.018094264
  352, 99, 67, 34, 0.018059567
  349, 163, 69, 57, 0.018053725
  25, 259, 63, 72, 0.018041408
  221, 113, 22, 40, 0.018031716
  81, 225, 39, 43, 0.018026302
  15, 257, 51, 76, 0.018024808
  65, 293, 39, 47, 0.018014638
  472, 202, 31, 28, 0.017997256
  329, 178, 40, 22, 0.017977301
  113, 100, 76, 51, 0.017976006
  346, 76, 53, 43, 0.017927939
  379, 31, 30, 49, 0.017923418
  272, 233, 29, 58, 0.017919414
  367, 44, 117, 43, 0.017905403
  1, 229, 105, 105, 0.017900158
  149, 149, 26, 44, 0.017859614
  193, 21, 108, 83, 0.017843494
  251, 265, 82, 39, 0.017824303
  373, 56, 36, 22, 0.017816054
  366, 113, 55, 17, 0.017814178
  311, 43, 102, 37, 0.01778348
  409, 75, 23, 51, 0.017750267
  136, 253, 40, 17, 0.017750042
  361, 172, 32, 49, 0.017723057
  334, 14, 55, 72, 0.017634317
  346, 59, 45, 21, 0.017624985
  229, 141, 37, 97, 0.017593985
  325, 246, 33, 59, 0.017550265
  131, 211, 53, 48, 0.017545136
  181, 229, 39, 43, 0.01753927
  146, 42, 64, 81, 0.017535893
  211, 112, 28, 28, 0.01752946
  339, 222, 126, 35, 0.017499154
  161, 202, 49, 36, 0.0174939
  466, 223, 44, 33, 0.017492307
  317, 109, 44, 28, 0.017478036
  281, 144, 69, 24, 0.017420614
  133, 157, 43, 47, 0.017379712
  169, 109, 26, 36, 0.017373744
  295, 142, 28, 28, 0.017321615
  46, 196, 27, 49, 0.017284345
  349, 56, 86, 29, 0.017282488
  178, 212, 29, 54, 0.017273834
  348, 6, 43, 82, 0.0172469
  331, 247, 45, 21, 0.01721767
  273, 199, 40, 61, 0.0171987
  376, 212, 92, 33, 0.017179413
  116, 113, 40, 19, 0.017177569
  113, 97, 22, 36, 0.017177569
  189, 138, 44, 22, 0.017167663
  231, 129, 24, 40, 0.017158654
  81, 229, 22, 40, 0.017145116
  433, 214, 54, 23, 0.017144091
  334, 133, 25, 28, 0.017111521
  328, 133, 25, 28, 0.017100496
  369, 34, 133, 58, 0.017095169
  216, 165, 24, 32, 0.017072001
  457, 208, 31, 28, 0.017071525
  281, 143, 44, 22, 0.017034745
  341, 129, 55, 21, 0.017012374
  325, 271, 32, 22, 0.016952842
  171, 169, 49, 30, 0.01694672
  336, 127, 50, 17, 0.016915658
  325, 253, 35, 43, 0.016878715
  133, 246, 17, 40, 0.016878096
  321, 167, 82, 39, 0.016867395
  189, 103, 40, 22, 0.016862119
  336, 113, 87, 37, 0.016854197
  367, 61, 28, 28, 0.016832869
  177, 235, 76, 45, 0.016806962
  394, 17, 19, 51, 0.016804555
  310, 151, 37, 102, 0.016777562
  216, 121, 24, 40, 0.016753037
  9, 197, 84, 47, 0.016752202
  351, 211, 114, 39, 0.016677005
  196, 233, 24, 40, 0.016644789
  306, 121, 49, 30, 0.016634667
  109, 101, 31, 31, 0.016596187
  329, 170, 72, 43, 0.016594743
  406, 309, 96, 55, 0.016590677
  341, 116, 53, 53, 0.016532028
  466, 223, 25, 34, 0.016519569
  381, 293, 36, 22, 0.016502887
  329, 173, 39, 31, 0.016496141
  421, 219, 44, 26, 0.016481327
  16, 269, 50, 21, 0.016476262
  377, 127, 96, 41, 0.016468203
  165, 213, 43, 43, 0.016465709
  199, 121, 24, 44, 0.016420538
  97, 246, 30, 49, 0.016377501
  280, 157, 164, 53, 0.016370144
  442, 20, 52, 94, 0.01636265
  45, 289, 60, 49, 0.016352229
  317, 76, 19, 55, 0.016308106
  409, 81, 30, 49, 0.016296469
  14, 254, 51, 99, 0.016293347
  116, 265, 54, 30, 0.016289227
  395, 56, 23, 51, 0.016267993
  393, 58, 36, 24, 0.016266458
  67, 238, 120, 69, 0.016262814
  323, 265, 24, 36, 0.016251599
  353, 183, 19, 60, 0.016244972
  379, 26, 81, 68, 0.016241618
  322, 136, 57, 21, 0.016227562
  308, 215, 21, 51, 0.016159168
  129, 215, 90, 36, 0.016142642
  410, 127, 54, 23, 0.016126445
  191, 169, 49, 33, 0.016117139
  361, 171, 43, 43, 0.016092012
  396, 17, 21, 51, 0.016089529
  146, 253, 50, 17, 0.016046822
  295, 130, 28, 25, 0.016043456
  49, 201, 24, 40, 0.016013326
  113, 101, 35, 31, 0.01600083
  205, 131, 33, 49, 0.01597652
  96, 137, 82, 37, 0.015959365
  337, 172, 31, 28, 0.015945742
  298, 37, 45, 96, 0.015914241
  106, 113, 40, 19, 0.015892534
  96, 113, 40, 19, 0.015892534
  355, 76, 38, 49, 0.015872125
  169, 160, 34, 34, 0.01586747
  56, 4, 81, 221, 0.015865488
  425, 224, 40, 26, 0.015854612
  351, 73, 24, 36, 0.015834292
  381, 308, 36, 20, 0.015739731
  333, 245, 31, 39, 0.015721029
  160, 45, 45, 76, 0.015718279
  304, 235, 28, 31, 0.015658703
  211, 136, 48, 58, 0.015630795
  199, 209, 24, 36, 0.015624867
  160, 16, 49, 111, 0.015604446
  88, 126, 48, 25, 0.015603825
  343, 190, 94, 52, 0.015598603
  67, 186, 21, 69, 0.015590936
  98, 217, 29, 78, 0.015577481
  341, 58, 32, 22, 0.015551974
  37, 201, 39, 43, 0.015531193
  465, 204, 40, 24, 0.015526669
  49, 229, 43, 47, 0.015513832
  469, 197, 35, 35, 0.015488598
  160, 262, 54, 25, 0.015450109
  393, 29, 35, 39, 0.01542381
  445, 213, 44, 22, 0.015364189
  377, 296, 40, 22, 0.015360645
  346, 52, 44, 30, 0.015354304
  376, 26, 38, 43, 0.015344512
  81, 261, 92, 36, 0.015338413
  325, 248, 25, 54, 0.015315539
  169, 136, 31, 37, 0.015315435
  337, 133, 28, 28, 0.015311283
  271, 233, 51, 56, 0.015305176
  322, 133, 28, 28, 0.015301419
  181, 169, 44, 30, 0.015254898
  448, 208, 31, 31, 0.015251776
  150, 47, 117, 47, 0.015232452
  171, 155, 50, 17, 0.01518032
  460, 186, 27, 49, 0.015123857
  32, 262, 108, 48, 0.015101699
  386, 26, 38, 43, 0.015083593
  283, 163, 31, 34, 0.015033201
  382, 37, 28, 31, 0.015013637
  133, 253, 67, 42, 0.014874944
  431, 214, 49, 27, 0.014867113
  456, 211, 50, 17, 0.014826288
  101, 101, 35, 31, 0.014819506
  394, 43, 51, 25, 0.014802765
  349, 161, 70, 38, 0.014781599
  365, 296, 57, 23, 0.014776025
  393, 44, 40, 24, 0.01473319
  37, 233, 61, 36, 0.014729839
  349, 52, 28, 28, 0.014726317
  5, 277, 98, 30, 0.014702096
  460, 223, 28, 28, 0.014692876
  453, 190, 34, 49, 0.014676639
  438, 165, 49, 88, 0.014669529
  205, 91, 33, 49, 0.014650892
  317, 166, 44, 22, 0.014639858
  193, 97, 28, 31, 0.014617062
  166, 111, 58, 48, 0.014566573
  133, 251, 32, 24, 0.014566503
  344, 185, 24, 36, 0.014469336
  295, 136, 34, 25, 0.014394891
  404, 223, 63, 27, 0.014368235
  442, 236, 33, 54, 0.014350951
  70, 50, 105, 69, 0.01432175
  461, 208, 40, 20, 0.014309118
  437, 205, 43, 35, 0.014284131
  409, 126, 40, 24, 0.014267859
  366, 26, 43, 43, 0.014261629
  183, 229, 22, 36, 0.014259833
  199, 133, 28, 31, 0.014239732
  331, 124, 49, 33, 0.014196013
  149, 244, 36, 26, 0.01413315
  121, 214, 44, 30, 0.014128845
  157, 178, 44, 24, 0.014076342
  343, 34, 32, 52, 0.014066221
  181, 172, 31, 28, 0.013990433
  106, 100, 39, 33, 0.013988315
  217, 109, 28, 28, 0.013977676
  336, 61, 40, 19, 0.013971214
  351, 45, 22, 36, 0.013971214
  206, 79, 21, 60, 0.013960366
  336, 133, 60, 21, 0.01392035
  405, 127, 62, 29, 0.013855524
  199, 244, 28, 28, 0.013812969
  325, 171, 36, 22, 0.013766442
  33, 256, 33, 97, 0.013752662
  287, 139, 60, 21, 0.013747578
  468, 197, 20, 32, 0.01369734
  466, 202, 25, 28, 0.01369734
  473, 197, 20, 32, 0.01369734
  69, 236, 19, 40, 0.013686522
  493, 269, 19, 44, 0.01362728
  178, 111, 30, 49, 0.013600681
  349, 181, 19, 45, 0.013573371
  200, 181, 37, 107, 0.013553429
  145, 151, 31, 31, 0.013543122
  446, 186, 43, 53, 0.013413497
  225, 73, 40, 22, 0.013379538
  321, 277, 45, 17, 0.013330531
  121, 137, 43, 43, 0.013277033
  361, 163, 55, 21, 0.013263034
  377, 299, 40, 24, 0.01323592
  361, 163, 97, 39, 0.01318961
  361, 167, 82, 36, 0.013187885
  353, 184, 32, 58, 0.013106814
  471, 271, 41, 43, 0.013095986
  315, 101, 46, 126, 0.013076742
  295, 126, 33, 54, 0.013021707
  311, 171, 50, 15, 0.013008575
  256, 92, 26, 63, 0.012999614
  457, 20, 48, 94, 0.012984185
  201, 183, 24, 72, 0.012946528
  36, 166, 44, 27, 0.012935917
  361, 161, 47, 64, 0.012914856
  169, 109, 31, 28, 0.012891985
  473, 196, 35, 24, 0.01287934
  326, 246, 77, 37, 0.012877499
  145, 148, 31, 25, 0.012830337
  206, 156, 60, 25, 0.012823422
  175, 217, 31, 28, 0.012773082
  319, 115, 31, 28, 0.012691276
  445, 236, 19, 55, 0.012596564
  343, 169, 28, 31, 0.012525234
  31, 201, 55, 38, 0.012504877
  405, 45, 25, 82, 0.012416245
  269, 81, 43, 39, 0.01238145
  409, 288, 36, 22, 0.012326491
  124, 253, 25, 31, 0.012291408
  453, 208, 36, 20, 0.012256294
  460, 202, 28, 28, 0.012256294
  40, 163, 28, 31, 0.012187051
  280, 61, 25, 31, 0.012128582
  116, 100, 49, 33, 0.01210119
  86, 100, 59, 33, 0.012045938
  52, 319, 28, 28, 0.012045377
  451, 118, 49, 30, 0.012025751
  147, 6, 163, 100, 0.012013961
  441, 105, 50, 19, 0.011863872
  346, 205, 22, 36, 0.011814204
  416, 271, 53, 48, 0.011776075
  141, 151, 36, 24, 0.011745919
  271, 81, 33, 44, 0.01171252
  175, 229, 31, 28, 0.011673296
  68, 309, 22, 36, 0.01165433
  353, 185, 20, 36, 0.011603768
  358, 185, 20, 36, 0.011603768
  451, 246, 33, 44, 0.01156855
  166, 259, 49, 30, 0.011529871
  43, 163, 31, 28, 0.011518255
  321, 63, 50, 17, 0.011509601
  116, 265, 55, 19, 0.011497337
  206, 97, 22, 36, 0.01149518
  409, 136, 28, 28, 0.011460272
  69, 226, 19, 45, 0.011432644
  361, 163, 54, 30, 0.011348686
  301, 221, 24, 44, 0.01116816
  91, 223, 31, 28, 0.011159348
  133, 115, 28, 31, 0.011131885
  445, 201, 61, 38, 0.011070255
  81, 193, 49, 33, 0.010991371
  443, 214, 63, 21, 0.010936821
  31, 265, 54, 30, 0.010884201
  451, 247, 31, 28, 0.010763003
  353, 191, 17, 50, 0.010713589
  161, 209, 50, 21, 0.010644293
  197, 81, 17, 50, 0.010598303
  181, 71, 19, 50, 0.010464238
  71, 277, 49, 30, 0.010377255
  249, 105, 43, 39, 0.010262325
  33, 266, 40, 24, 0.010191643
  361, 161, 43, 39, 0.010165229
